week,day_start,day_end,name,daily_change_plan
1,1,7,씨앗,씨앗 기준형 / 새싹 새 구조 15% 성장 / 새싹 새 구조 30% 성장 / 새싹 새 구조 45% 성장 / 새싹 새 구조 60% 성장 / 새싹 새 구조 75% 성장 / 새싹 새 구조 90% 성장; 다음 주 첫날에 완성
2,8,14,새싹,새싹 기준형 / 묘목 새 구조 15% 성장 / 묘목 새 구조 30% 성장 / 묘목 새 구조 45% 성장 / 묘목 새 구조 60% 성장 / 묘목 새 구조 75% 성장 / 묘목 새 구조 90% 성장; 다음 주 첫날에 완성
3,15,21,묘목,묘목 기준형 / 작은 나무 새 구조 15% 성장 / 작은 나무 새 구조 30% 성장 / 작은 나무 새 구조 45% 성장 / 작은 나무 새 구조 60% 성장 / 작은 나무 새 구조 75% 성장 / 작은 나무 새 구조 90% 성장; 다음 주 첫날에 완성
4,22,28,작은 나무,작은 나무 기준형 / 큰 나무 새 구조 15% 성장 / 큰 나무 새 구조 30% 성장 / 큰 나무 새 구조 45% 성장 / 큰 나무 새 구조 60% 성장 / 큰 나무 새 구조 75% 성장 / 큰 나무 새 구조 90% 성장; 다음 주 첫날에 완성
5,29,35,큰 나무,큰 나무 기준형 / 돌 모닥불 새 구조 15% 시공 / 돌 모닥불 새 구조 30% 시공 / 돌 모닥불 새 구조 45% 시공 / 돌 모닥불 새 구조 60% 시공 / 돌 모닥불 새 구조 75% 시공 / 돌 모닥불 새 구조 90% 시공; 다음 주 첫날에 완성
6,36,42,돌 모닥불,돌 모닥불 기준형 / 통나무 모닥불 새 구조 15% 시공 / 통나무 모닥불 새 구조 30% 시공 / 통나무 모닥불 새 구조 45% 시공 / 통나무 모닥불 새 구조 60% 시공 / 통나무 모닥불 새 구조 75% 시공 / 통나무 모닥불 새 구조 90% 시공; 다음 주 첫날에 완성
7,43,49,통나무 모닥불,통나무 모닥불 기준형 / 나무 사이 해먹 새 구조 15% 시공 / 나무 사이 해먹 새 구조 30% 시공 / 나무 사이 해먹 새 구조 45% 시공 / 나무 사이 해먹 새 구조 60% 시공 / 나무 사이 해먹 새 구조 75% 시공 / 나무 사이 해먹 새 구조 90% 시공; 다음 주 첫날에 완성
8,50,56,나무 사이 해먹,나무 사이 해먹 기준형 / 차양 해먹 새 구조 15% 시공 / 차양 해먹 새 구조 30% 시공 / 차양 해먹 새 구조 45% 시공 / 차양 해먹 새 구조 60% 시공 / 차양 해먹 새 구조 75% 시공 / 차양 해먹 새 구조 90% 시공; 다음 주 첫날에 완성
9,57,63,차양 해먹,차양 해먹 기준형 / 가지 움막 새 구조 15% 시공 / 가지 움막 새 구조 30% 시공 / 가지 움막 새 구조 45% 시공 / 가지 움막 새 구조 60% 시공 / 가지 움막 새 구조 75% 시공 / 가지 움막 새 구조 90% 시공; 다음 주 첫날에 완성
10,64,70,가지 움막,가지 움막 기준형 / 잎 지붕 움막 새 구조 15% 시공 / 잎 지붕 움막 새 구조 30% 시공 / 잎 지붕 움막 새 구조 45% 시공 / 잎 지붕 움막 새 구조 60% 시공 / 잎 지붕 움막 새 구조 75% 시공 / 잎 지붕 움막 새 구조 90% 시공; 다음 주 첫날에 완성
11,71,77,잎 지붕 움막,잎 지붕 움막 기준형 / 천막 텐트 새 구조 15% 시공 / 천막 텐트 새 구조 30% 시공 / 천막 텐트 새 구조 45% 시공 / 천막 텐트 새 구조 60% 시공 / 천막 텐트 새 구조 75% 시공 / 천막 텐트 새 구조 90% 시공; 다음 주 첫날에 완성
12,78,84,천막 텐트,천막 텐트 기준형 / 인디언 티피 새 구조 15% 시공 / 인디언 티피 새 구조 30% 시공 / 인디언 티피 새 구조 45% 시공 / 인디언 티피 새 구조 60% 시공 / 인디언 티피 새 구조 75% 시공 / 인디언 티피 새 구조 90% 시공; 다음 주 첫날에 완성
13,85,91,인디언 티피,인디언 티피 기준형 / 초가집 새 구조 15% 시공 / 초가집 새 구조 30% 시공 / 초가집 새 구조 45% 시공 / 초가집 새 구조 60% 시공 / 초가집 새 구조 75% 시공 / 초가집 새 구조 90% 시공; 다음 주 첫날에 완성
14,92,98,초가집,초가집 기준형 / 마당 초가집 새 구조 15% 시공 / 마당 초가집 새 구조 30% 시공 / 마당 초가집 새 구조 45% 시공 / 마당 초가집 새 구조 60% 시공 / 마당 초가집 새 구조 75% 시공 / 마당 초가집 새 구조 90% 시공; 다음 주 첫날에 완성
15,99,105,마당 초가집,마당 초가집 기준형 / 기와집 새 구조 15% 시공 / 기와집 새 구조 30% 시공 / 기와집 새 구조 45% 시공 / 기와집 새 구조 60% 시공 / 기와집 새 구조 75% 시공 / 기와집 새 구조 90% 시공; 다음 주 첫날에 완성
16,106,112,기와집,기와집 기준형 / 툇마루 한옥 새 구조 15% 시공 / 툇마루 한옥 새 구조 30% 시공 / 툇마루 한옥 새 구조 45% 시공 / 툇마루 한옥 새 구조 60% 시공 / 툇마루 한옥 새 구조 75% 시공 / 툇마루 한옥 새 구조 90% 시공; 다음 주 첫날에 완성
17,113,119,툇마루 한옥,툇마루 한옥 기준형 / ㄱ자 한옥 새 구조 15% 시공 / ㄱ자 한옥 새 구조 30% 시공 / ㄱ자 한옥 새 구조 45% 시공 / ㄱ자 한옥 새 구조 60% 시공 / ㄱ자 한옥 새 구조 75% 시공 / ㄱ자 한옥 새 구조 90% 시공; 다음 주 첫날에 완성
18,120,126,ㄱ자 한옥,ㄱ자 한옥 기준형 / 한옥 사랑채 새 구조 15% 시공 / 한옥 사랑채 새 구조 30% 시공 / 한옥 사랑채 새 구조 45% 시공 / 한옥 사랑채 새 구조 60% 시공 / 한옥 사랑채 새 구조 75% 시공 / 한옥 사랑채 새 구조 90% 시공; 다음 주 첫날에 완성
19,127,133,한옥 사랑채,한옥 사랑채 기준형 / 통나무집 새 구조 15% 시공 / 통나무집 새 구조 30% 시공 / 통나무집 새 구조 45% 시공 / 통나무집 새 구조 60% 시공 / 통나무집 새 구조 75% 시공 / 통나무집 새 구조 90% 시공; 다음 주 첫날에 완성
20,134,140,통나무집,통나무집 기준형 / 숲속 오두막 새 구조 15% 시공 / 숲속 오두막 새 구조 30% 시공 / 숲속 오두막 새 구조 45% 시공 / 숲속 오두막 새 구조 60% 시공 / 숲속 오두막 새 구조 75% 시공 / 숲속 오두막 새 구조 90% 시공; 다음 주 첫날에 완성
21,141,147,숲속 오두막,숲속 오두막 기준형 / 삼각 A프레임 새 구조 15% 시공 / 삼각 A프레임 새 구조 30% 시공 / 삼각 A프레임 새 구조 45% 시공 / 삼각 A프레임 새 구조 60% 시공 / 삼각 A프레임 새 구조 75% 시공 / 삼각 A프레임 새 구조 90% 시공; 다음 주 첫날에 완성
22,148,154,삼각 A프레임,삼각 A프레임 기준형 / 산장 샬레 새 구조 15% 시공 / 산장 샬레 새 구조 30% 시공 / 산장 샬레 새 구조 45% 시공 / 산장 샬레 새 구조 60% 시공 / 산장 샬레 새 구조 75% 시공 / 산장 샬레 새 구조 90% 시공; 다음 주 첫날에 완성
23,155,161,산장 샬레,산장 샬레 기준형 / 수상가옥 새 구조 15% 시공 / 수상가옥 새 구조 30% 시공 / 수상가옥 새 구조 45% 시공 / 수상가옥 새 구조 60% 시공 / 수상가옥 새 구조 75% 시공 / 수상가옥 새 구조 90% 시공; 다음 주 첫날에 완성
24,162,168,수상가옥,수상가옥 기준형 / 고상식 주택 새 구조 15% 시공 / 고상식 주택 새 구조 30% 시공 / 고상식 주택 새 구조 45% 시공 / 고상식 주택 새 구조 60% 시공 / 고상식 주택 새 구조 75% 시공 / 고상식 주택 새 구조 90% 시공; 다음 주 첫날에 완성
25,169,175,고상식 주택,고상식 주택 기준형 / 벽돌 단층집 새 구조 15% 시공 / 벽돌 단층집 새 구조 30% 시공 / 벽돌 단층집 새 구조 45% 시공 / 벽돌 단층집 새 구조 60% 시공 / 벽돌 단층집 새 구조 75% 시공 / 벽돌 단층집 새 구조 90% 시공; 다음 주 첫날에 완성
26,176,182,벽돌 단층집,벽돌 단층집 기준형 / 박공지붕 주택 새 구조 15% 시공 / 박공지붕 주택 새 구조 30% 시공 / 박공지붕 주택 새 구조 45% 시공 / 박공지붕 주택 새 구조 60% 시공 / 박공지붕 주택 새 구조 75% 시공 / 박공지붕 주택 새 구조 90% 시공; 다음 주 첫날에 완성
27,183,189,박공지붕 주택,박공지붕 주택 기준형 / 2층 주택 새 구조 15% 시공 / 2층 주택 새 구조 30% 시공 / 2층 주택 새 구조 45% 시공 / 2층 주택 새 구조 60% 시공 / 2층 주택 새 구조 75% 시공 / 2층 주택 새 구조 90% 시공; 다음 주 첫날에 완성
28,190,196,2층 주택,2층 주택 기준형 / 풍차 주택 새 구조 15% 시공 / 풍차 주택 새 구조 30% 시공 / 풍차 주택 새 구조 45% 시공 / 풍차 주택 새 구조 60% 시공 / 풍차 주택 새 구조 75% 시공 / 풍차 주택 새 구조 90% 시공; 다음 주 첫날에 완성
29,197,203,풍차 주택,풍차 주택 기준형 / 지중해 주택 새 구조 15% 시공 / 지중해 주택 새 구조 30% 시공 / 지중해 주택 새 구조 45% 시공 / 지중해 주택 새 구조 60% 시공 / 지중해 주택 새 구조 75% 시공 / 지중해 주택 새 구조 90% 시공; 다음 주 첫날에 완성
30,204,210,지중해 주택,지중해 주택 기준형 / 튜더 주택 새 구조 15% 시공 / 튜더 주택 새 구조 30% 시공 / 튜더 주택 새 구조 45% 시공 / 튜더 주택 새 구조 60% 시공 / 튜더 주택 새 구조 75% 시공 / 튜더 주택 새 구조 90% 시공; 다음 주 첫날에 완성
31,211,217,튜더 주택,튜더 주택 기준형 / 테라스 주택 새 구조 15% 시공 / 테라스 주택 새 구조 30% 시공 / 테라스 주택 새 구조 45% 시공 / 테라스 주택 새 구조 60% 시공 / 테라스 주택 새 구조 75% 시공 / 테라스 주택 새 구조 90% 시공; 다음 주 첫날에 완성
32,218,224,테라스 주택,테라스 주택 기준형 / 중정 주택 새 구조 15% 시공 / 중정 주택 새 구조 30% 시공 / 중정 주택 새 구조 45% 시공 / 중정 주택 새 구조 60% 시공 / 중정 주택 새 구조 75% 시공 / 중정 주택 새 구조 90% 시공; 다음 주 첫날에 완성
33,225,231,중정 주택,중정 주택 기준형 / 정원 주택 새 구조 15% 시공 / 정원 주택 새 구조 30% 시공 / 정원 주택 새 구조 45% 시공 / 정원 주택 새 구조 60% 시공 / 정원 주택 새 구조 75% 시공 / 정원 주택 새 구조 90% 시공; 다음 주 첫날에 완성
34,232,238,정원 주택,정원 주택 기준형 / 온실 주택 새 구조 15% 시공 / 온실 주택 새 구조 30% 시공 / 온실 주택 새 구조 45% 시공 / 온실 주택 새 구조 60% 시공 / 온실 주택 새 구조 75% 시공 / 온실 주택 새 구조 90% 시공; 다음 주 첫날에 완성
35,239,245,온실 주택,온실 주택 기준형 / 정원 저택 새 구조 15% 시공 / 정원 저택 새 구조 30% 시공 / 정원 저택 새 구조 45% 시공 / 정원 저택 새 구조 60% 시공 / 정원 저택 새 구조 75% 시공 / 정원 저택 새 구조 90% 시공; 다음 주 첫날에 완성
36,246,252,정원 저택,정원 저택 기준형 / 연립 타운하우스 새 구조 15% 시공 / 연립 타운하우스 새 구조 30% 시공 / 연립 타운하우스 새 구조 45% 시공 / 연립 타운하우스 새 구조 60% 시공 / 연립 타운하우스 새 구조 75% 시공 / 연립 타운하우스 새 구조 90% 시공; 다음 주 첫날에 완성
37,253,259,연립 타운하우스,연립 타운하우스 기준형 / 3층 빌라 새 구조 15% 시공 / 3층 빌라 새 구조 30% 시공 / 3층 빌라 새 구조 45% 시공 / 3층 빌라 새 구조 60% 시공 / 3층 빌라 새 구조 75% 시공 / 3층 빌라 새 구조 90% 시공; 다음 주 첫날에 완성
38,260,266,3층 빌라,3층 빌라 기준형 / 발코니 빌라 새 구조 15% 시공 / 발코니 빌라 새 구조 30% 시공 / 발코니 빌라 새 구조 45% 시공 / 발코니 빌라 새 구조 60% 시공 / 발코니 빌라 새 구조 75% 시공 / 발코니 빌라 새 구조 90% 시공; 다음 주 첫날에 완성
39,267,273,발코니 빌라,발코니 빌라 기준형 / 옥상 정원 빌라 새 구조 15% 시공 / 옥상 정원 빌라 새 구조 30% 시공 / 옥상 정원 빌라 새 구조 45% 시공 / 옥상 정원 빌라 새 구조 60% 시공 / 옥상 정원 빌라 새 구조 75% 시공 / 옥상 정원 빌라 새 구조 90% 시공; 다음 주 첫날에 완성
40,274,280,옥상 정원 빌라,옥상 정원 빌라 기준형 / 저층 아파트 새 구조 15% 시공 / 저층 아파트 새 구조 30% 시공 / 저층 아파트 새 구조 45% 시공 / 저층 아파트 새 구조 60% 시공 / 저층 아파트 새 구조 75% 시공 / 저층 아파트 새 구조 90% 시공; 다음 주 첫날에 완성
41,281,287,저층 아파트,저층 아파트 기준형 / 아파트 단지 새 구조 15% 시공 / 아파트 단지 새 구조 30% 시공 / 아파트 단지 새 구조 45% 시공 / 아파트 단지 새 구조 60% 시공 / 아파트 단지 새 구조 75% 시공 / 아파트 단지 새 구조 90% 시공; 다음 주 첫날에 완성
42,288,294,아파트 단지,아파트 단지 기준형 / 공원 아파트 새 구조 15% 시공 / 공원 아파트 새 구조 30% 시공 / 공원 아파트 새 구조 45% 시공 / 공원 아파트 새 구조 60% 시공 / 공원 아파트 새 구조 75% 시공 / 공원 아파트 새 구조 90% 시공; 다음 주 첫날에 완성
43,295,301,공원 아파트,공원 아파트 기준형 / 고층 오피스 새 구조 15% 시공 / 고층 오피스 새 구조 30% 시공 / 고층 오피스 새 구조 45% 시공 / 고층 오피스 새 구조 60% 시공 / 고층 오피스 새 구조 75% 시공 / 고층 오피스 새 구조 90% 시공; 다음 주 첫날에 완성
44,302,308,고층 오피스,고층 오피스 기준형 / 유리 고층 건물 새 구조 15% 시공 / 유리 고층 건물 새 구조 30% 시공 / 유리 고층 건물 새 구조 45% 시공 / 유리 고층 건물 새 구조 60% 시공 / 유리 고층 건물 새 구조 75% 시공 / 유리 고층 건물 새 구조 90% 시공; 다음 주 첫날에 완성
45,309,315,유리 고층 건물,유리 고층 건물 기준형 / 테라스 타워 새 구조 15% 시공 / 테라스 타워 새 구조 30% 시공 / 테라스 타워 새 구조 45% 시공 / 테라스 타워 새 구조 60% 시공 / 테라스 타워 새 구조 75% 시공 / 테라스 타워 새 구조 90% 시공; 다음 주 첫날에 완성
46,316,322,테라스 타워,테라스 타워 기준형 / 쌍둥이 타워 새 구조 15% 시공 / 쌍둥이 타워 새 구조 30% 시공 / 쌍둥이 타워 새 구조 45% 시공 / 쌍둥이 타워 새 구조 60% 시공 / 쌍둥이 타워 새 구조 75% 시공 / 쌍둥이 타워 새 구조 90% 시공; 다음 주 첫날에 완성
47,323,329,쌍둥이 타워,쌍둥이 타워 기준형 / 랜드마크 고층 새 구조 15% 시공 / 랜드마크 고층 새 구조 30% 시공 / 랜드마크 고층 새 구조 45% 시공 / 랜드마크 고층 새 구조 60% 시공 / 랜드마크 고층 새 구조 75% 시공 / 랜드마크 고층 새 구조 90% 시공; 다음 주 첫날에 완성
48,330,336,랜드마크 고층,랜드마크 고층 기준형 / 롯데 타워 실루엣 새 구조 15% 시공 / 롯데 타워 실루엣 새 구조 30% 시공 / 롯데 타워 실루엣 새 구조 45% 시공 / 롯데 타워 실루엣 새 구조 60% 시공 / 롯데 타워 실루엣 새 구조 75% 시공 / 롯데 타워 실루엣 새 구조 90% 시공; 다음 주 첫날에 완성
49,337,343,롯데 타워 실루엣,롯데 타워 실루엣 기준형 / 롯데 타워 왕관 새 구조 15% 시공 / 롯데 타워 왕관 새 구조 30% 시공 / 롯데 타워 왕관 새 구조 45% 시공 / 롯데 타워 왕관 새 구조 60% 시공 / 롯데 타워 왕관 새 구조 75% 시공 / 롯데 타워 왕관 새 구조 90% 시공; 다음 주 첫날에 완성
50,344,350,롯데 타워 왕관,롯데 타워 왕관 기준형 / 롯데 타워 포디엄 새 구조 15% 시공 / 롯데 타워 포디엄 새 구조 30% 시공 / 롯데 타워 포디엄 새 구조 45% 시공 / 롯데 타워 포디엄 새 구조 60% 시공 / 롯데 타워 포디엄 새 구조 75% 시공 / 롯데 타워 포디엄 새 구조 90% 시공; 다음 주 첫날에 완성
51,351,357,롯데 타워 포디엄,롯데 타워 포디엄 기준형 / 롯데 타워 광장 새 구조 15% 시공 / 롯데 타워 광장 새 구조 30% 시공 / 롯데 타워 광장 새 구조 45% 시공 / 롯데 타워 광장 새 구조 60% 시공 / 롯데 타워 광장 새 구조 75% 시공 / 롯데 타워 광장 새 구조 90% 시공; 다음 주 첫날에 완성
52,358,364,롯데 타워 광장,롯데 타워 광장 기준형 / 롯데월드타워 새 구조 15% 시공 / 롯데월드타워 새 구조 30% 시공 / 롯데월드타워 새 구조 45% 시공 / 롯데월드타워 새 구조 60% 시공 / 롯데월드타워 새 구조 75% 시공 / 롯데월드타워 새 구조 90% 시공; 다음 주 첫날에 완성
53,365,366,롯데월드타워,롯데월드타워 완성형 / 윤년 마지막 날: 현관 캐노피·정원 확장
