day,stage,detail,stage_days,name,region,representative_period,daily_detail,svg,png
1,1,1,6,씨앗,자연,도입,씨앗 껍질·균열·뿌리·새 잎 성장; 성장 세부 단계1,daily/day-001-stage-01-detail-01.svg,daily/day-001-stage-01-detail-01.png
2,1,2,6,씨앗,자연,도입,씨앗 껍질·균열·뿌리·새 잎 성장; 성장 세부 단계2,daily/day-002-stage-01-detail-02.svg,daily/day-002-stage-01-detail-02.png
3,1,3,6,씨앗,자연,도입,씨앗 껍질·균열·뿌리·새 잎 성장; 성장 세부 단계3,daily/day-003-stage-01-detail-03.svg,daily/day-003-stage-01-detail-03.png
4,1,4,6,씨앗,자연,도입,씨앗 껍질·균열·뿌리·새 잎 성장; 성장 세부 단계5,daily/day-004-stage-01-detail-04.svg,daily/day-004-stage-01-detail-04.png
5,1,5,6,씨앗,자연,도입,씨앗 껍질·균열·뿌리·새 잎 성장; 성장 세부 단계6,daily/day-005-stage-01-detail-05.svg,daily/day-005-stage-01-detail-05.png
6,1,6,6,씨앗,자연,도입,씨앗 껍질·균열·뿌리·새 잎 성장; 성장 세부 단계7,daily/day-006-stage-01-detail-06.svg,daily/day-006-stage-01-detail-06.png
7,2,1,7,새싹,자연,도입,줄기43·잎4장·새 가지 성장,daily/day-007-stage-02-detail-01.svg,daily/day-007-stage-02-detail-01.png
8,2,2,7,새싹,자연,도입,줄기48·잎5장·새 가지 성장,daily/day-008-stage-02-detail-02.svg,daily/day-008-stage-02-detail-02.png
9,2,3,7,새싹,자연,도입,줄기53·잎6장·새 가지 성장,daily/day-009-stage-02-detail-03.svg,daily/day-009-stage-02-detail-03.png
10,2,4,7,새싹,자연,도입,줄기58·잎7장·새 가지 성장,daily/day-010-stage-02-detail-04.svg,daily/day-010-stage-02-detail-04.png
11,2,5,7,새싹,자연,도입,줄기63·잎8장·새 가지 성장,daily/day-011-stage-02-detail-05.svg,daily/day-011-stage-02-detail-05.png
12,2,6,7,새싹,자연,도입,줄기68·잎9장·새 가지 성장,daily/day-012-stage-02-detail-06.svg,daily/day-012-stage-02-detail-06.png
13,2,7,7,새싹,자연,도입,줄기73·잎10장·새 가지 성장,daily/day-013-stage-02-detail-07.svg,daily/day-013-stage-02-detail-07.png
14,3,1,7,큰 나무,자연,도입,나무의 가지와 수관3개,daily/day-014-stage-03-detail-01.svg,daily/day-014-stage-03-detail-01.png
15,3,2,7,큰 나무,자연,도입,나무의 가지와 수관4개,daily/day-015-stage-03-detail-02.svg,daily/day-015-stage-03-detail-02.png
16,3,3,7,큰 나무,자연,도입,나무의 가지와 수관5개,daily/day-016-stage-03-detail-03.svg,daily/day-016-stage-03-detail-03.png
17,3,4,7,큰 나무,자연,도입,나무의 가지와 수관6개,daily/day-017-stage-03-detail-04.svg,daily/day-017-stage-03-detail-04.png
18,3,5,7,큰 나무,자연,도입,나무의 가지와 수관7개,daily/day-018-stage-03-detail-05.svg,daily/day-018-stage-03-detail-05.png
19,3,6,7,큰 나무,자연,도입,나무의 가지와 수관8개,daily/day-019-stage-03-detail-06.svg,daily/day-019-stage-03-detail-06.png
20,3,7,7,큰 나무,자연,도입,나무의 가지와 수관9개,daily/day-020-stage-03-detail-07.svg,daily/day-020-stage-03-detail-07.png
21,4,1,6,모닥불,야영,비연대 도입,불꽃·돌 테두리·장작·캠프 시설1단계,daily/day-021-stage-04-detail-01.svg,daily/day-021-stage-04-detail-01.png
22,4,2,6,모닥불,야영,비연대 도입,불꽃·돌 테두리·장작·캠프 시설2단계,daily/day-022-stage-04-detail-02.svg,daily/day-022-stage-04-detail-02.png
23,4,3,6,모닥불,야영,비연대 도입,불꽃·돌 테두리·장작·캠프 시설3단계,daily/day-023-stage-04-detail-03.svg,daily/day-023-stage-04-detail-03.png
24,4,4,6,모닥불,야영,비연대 도입,불꽃·돌 테두리·장작·캠프 시설5단계,daily/day-024-stage-04-detail-04.svg,daily/day-024-stage-04-detail-04.png
25,4,5,6,모닥불,야영,비연대 도입,불꽃·돌 테두리·장작·캠프 시설6단계,daily/day-025-stage-04-detail-05.svg,daily/day-025-stage-04-detail-05.png
26,4,6,6,모닥불,야영,비연대 도입,불꽃·돌 테두리·장작·캠프 시설7단계,daily/day-026-stage-04-detail-06.svg,daily/day-026-stage-04-detail-06.png
27,5,1,7,동굴 거처,야영,비연대 도입,바위 입구·측벽·저장 공간1단계,daily/day-027-stage-05-detail-01.svg,daily/day-027-stage-05-detail-01.png
28,5,2,7,동굴 거처,야영,비연대 도입,바위 입구·측벽·저장 공간2단계,daily/day-028-stage-05-detail-02.svg,daily/day-028-stage-05-detail-02.png
29,5,3,7,동굴 거처,야영,비연대 도입,바위 입구·측벽·저장 공간3단계,daily/day-029-stage-05-detail-03.svg,daily/day-029-stage-05-detail-03.png
30,5,4,7,동굴 거처,야영,비연대 도입,바위 입구·측벽·저장 공간4단계,daily/day-030-stage-05-detail-04.svg,daily/day-030-stage-05-detail-04.png
31,5,5,7,동굴 거처,야영,비연대 도입,바위 입구·측벽·저장 공간5단계,daily/day-031-stage-05-detail-05.svg,daily/day-031-stage-05-detail-05.png
32,5,6,7,동굴 거처,야영,비연대 도입,바위 입구·측벽·저장 공간6단계,daily/day-032-stage-05-detail-06.svg,daily/day-032-stage-05-detail-06.png
33,5,7,7,동굴 거처,야영,비연대 도입,바위 입구·측벽·저장 공간7단계,daily/day-033-stage-05-detail-07.svg,daily/day-033-stage-05-detail-07.png
34,6,1,7,해먹,야영,비연대 도입,해먹 지지·짜임·차양·수납1단계,daily/day-034-stage-06-detail-01.svg,daily/day-034-stage-06-detail-01.png
35,6,2,7,해먹,야영,비연대 도입,해먹 지지·짜임·차양·수납2단계,daily/day-035-stage-06-detail-02.svg,daily/day-035-stage-06-detail-02.png
36,6,3,7,해먹,야영,비연대 도입,해먹 지지·짜임·차양·수납3단계,daily/day-036-stage-06-detail-03.svg,daily/day-036-stage-06-detail-03.png
37,6,4,7,해먹,야영,비연대 도입,해먹 지지·짜임·차양·수납4단계,daily/day-037-stage-06-detail-04.svg,daily/day-037-stage-06-detail-04.png
38,6,5,7,해먹,야영,비연대 도입,해먹 지지·짜임·차양·수납5단계,daily/day-038-stage-06-detail-05.svg,daily/day-038-stage-06-detail-05.png
39,6,6,7,해먹,야영,비연대 도입,해먹 지지·짜임·차양·수납6단계,daily/day-039-stage-06-detail-06.svg,daily/day-039-stage-06-detail-06.png
40,6,7,7,해먹,야영,비연대 도입,해먹 지지·짜임·차양·수납7단계,daily/day-040-stage-06-detail-07.svg,daily/day-040-stage-06-detail-07.png
41,7,1,6,가지 움막,야영,비연대 도입,움막 기단·별채·지붕·현관1단계,daily/day-041-stage-07-detail-01.svg,daily/day-041-stage-07-detail-01.png
42,7,2,6,가지 움막,야영,비연대 도입,움막 기단·별채·지붕·현관2단계,daily/day-042-stage-07-detail-02.svg,daily/day-042-stage-07-detail-02.png
43,7,3,6,가지 움막,야영,비연대 도입,움막 기단·별채·지붕·현관3단계,daily/day-043-stage-07-detail-03.svg,daily/day-043-stage-07-detail-03.png
44,7,4,6,가지 움막,야영,비연대 도입,움막 기단·별채·지붕·현관5단계,daily/day-044-stage-07-detail-04.svg,daily/day-044-stage-07-detail-04.png
45,7,5,6,가지 움막,야영,비연대 도입,움막 기단·별채·지붕·현관6단계,daily/day-045-stage-07-detail-05.svg,daily/day-045-stage-07-detail-05.png
46,7,6,6,가지 움막,야영,비연대 도입,움막 기단·별채·지붕·현관7단계,daily/day-046-stage-07-detail-06.svg,daily/day-046-stage-07-detail-06.png
47,8,1,7,차탈회위크 흙집,튀르키예,기원전7천년대,승인된 기준 형태,daily/day-047-stage-08-detail-01.svg,daily/day-047-stage-08-detail-01.png
48,8,2,7,차탈회위크 흙집,튀르키예,기원전7천년대,승인된 기준 형태; 넓은 기단·진입 계단,daily/day-048-stage-08-detail-02.svg,daily/day-048-stage-08-detail-02.png
49,8,3,7,차탈회위크 흙집,튀르키예,기원전7천년대,승인된 기준 형태; 넓은 기단·진입 계단; 지역 양식의 측면 별채·저층 확장,daily/day-049-stage-08-detail-03.svg,daily/day-049-stage-08-detail-03.png
50,8,4,7,차탈회위크 흙집,튀르키예,기원전7천년대,승인된 기준 형태; 넓은 기단·진입 계단; 지역 양식의 측면 별채·저층 확장; 지역 양식의 문루·입구동,daily/day-050-stage-08-detail-04.svg,daily/day-050-stage-08-detail-04.png
51,8,5,7,차탈회위크 흙집,튀르키예,기원전7천년대,승인된 기준 형태; 넓은 기단·진입 계단; 지역 양식의 측면 별채·저층 확장; 지역 양식의 문루·입구동; 입면 창·아케이드·파사드 확장,daily/day-051-stage-08-detail-05.svg,daily/day-051-stage-08-detail-05.png
52,8,6,7,차탈회위크 흙집,튀르키예,기원전7천년대,승인된 기준 형태; 넓은 기단·진입 계단; 지역 양식의 측면 별채·저층 확장; 지역 양식의 문루·입구동; 입면 창·아케이드·파사드 확장; 마당 시설·정원 또는 저장 마당,daily/day-052-stage-08-detail-06.svg,daily/day-052-stage-08-detail-06.png
53,8,7,7,차탈회위크 흙집,튀르키예,기원전7천년대,승인된 기준 형태; 넓은 기단·진입 계단; 지역 양식의 측면 별채·저층 확장; 지역 양식의 문루·입구동; 입면 창·아케이드·파사드 확장; 마당 시설·정원 또는 저장 마당; 현관·차양·포치 완성,daily/day-053-stage-08-detail-07.svg,daily/day-053-stage-08-detail-07.png
54,9,1,7,스카라브레이 돌집,스코틀랜드,기원전3천년대,승인된 기준 형태,daily/day-054-stage-09-detail-01.svg,daily/day-054-stage-09-detail-01.png
55,9,2,7,스카라브레이 돌집,스코틀랜드,기원전3천년대,승인된 기준 형태; 넓은 기단·진입 계단,daily/day-055-stage-09-detail-02.svg,daily/day-055-stage-09-detail-02.png
56,9,3,7,스카라브레이 돌집,스코틀랜드,기원전3천년대,승인된 기준 형태; 넓은 기단·진입 계단; 지역 양식의 측면 별채·저층 확장,daily/day-056-stage-09-detail-03.svg,daily/day-056-stage-09-detail-03.png
57,9,4,7,스카라브레이 돌집,스코틀랜드,기원전3천년대,승인된 기준 형태; 넓은 기단·진입 계단; 지역 양식의 측면 별채·저층 확장; 지역 양식의 문루·입구동,daily/day-057-stage-09-detail-04.svg,daily/day-057-stage-09-detail-04.png
58,9,5,7,스카라브레이 돌집,스코틀랜드,기원전3천년대,승인된 기준 형태; 넓은 기단·진입 계단; 지역 양식의 측면 별채·저층 확장; 지역 양식의 문루·입구동; 입면 창·아케이드·파사드 확장,daily/day-058-stage-09-detail-05.svg,daily/day-058-stage-09-detail-05.png
59,9,6,7,스카라브레이 돌집,스코틀랜드,기원전3천년대,승인된 기준 형태; 넓은 기단·진입 계단; 지역 양식의 측면 별채·저층 확장; 지역 양식의 문루·입구동; 입면 창·아케이드·파사드 확장; 마당 시설·정원 또는 저장 마당,daily/day-059-stage-09-detail-06.svg,daily/day-059-stage-09-detail-06.png
60,9,7,7,스카라브레이 돌집,스코틀랜드,기원전3천년대,승인된 기준 형태; 넓은 기단·진입 계단; 지역 양식의 측면 별채·저층 확장; 지역 양식의 문루·입구동; 입면 창·아케이드·파사드 확장; 마당 시설·정원 또는 저장 마당; 현관·차양·포치 완성,daily/day-060-stage-09-detail-07.svg,daily/day-060-stage-09-detail-07.png
61,10,1,7,이집트 피라미드,이집트,기원전26세기,승인된 기준 형태,daily/day-061-stage-10-detail-01.svg,daily/day-061-stage-10-detail-01.png
62,10,2,7,이집트 피라미드,이집트,기원전26세기,승인된 기준 형태; 넓은 기단·진입 계단,daily/day-062-stage-10-detail-02.svg,daily/day-062-stage-10-detail-02.png
63,10,3,7,이집트 피라미드,이집트,기원전26세기,승인된 기준 형태; 넓은 기단·진입 계단; 지역 양식의 측면 별채·저층 확장,daily/day-063-stage-10-detail-03.svg,daily/day-063-stage-10-detail-03.png
64,10,4,7,이집트 피라미드,이집트,기원전26세기,승인된 기준 형태; 넓은 기단·진입 계단; 지역 양식의 측면 별채·저층 확장; 지역 양식의 문루·입구동,daily/day-064-stage-10-detail-04.svg,daily/day-064-stage-10-detail-04.png
65,10,5,7,이집트 피라미드,이집트,기원전26세기,승인된 기준 형태; 넓은 기단·진입 계단; 지역 양식의 측면 별채·저층 확장; 지역 양식의 문루·입구동; 입면 창·아케이드·파사드 확장,daily/day-065-stage-10-detail-05.svg,daily/day-065-stage-10-detail-05.png
66,10,6,7,이집트 피라미드,이집트,기원전26세기,승인된 기준 형태; 넓은 기단·진입 계단; 지역 양식의 측면 별채·저층 확장; 지역 양식의 문루·입구동; 입면 창·아케이드·파사드 확장; 마당 시설·정원 또는 저장 마당,daily/day-066-stage-10-detail-06.svg,daily/day-066-stage-10-detail-06.png
67,10,7,7,이집트 피라미드,이집트,기원전26세기,승인된 기준 형태; 넓은 기단·진입 계단; 지역 양식의 측면 별채·저층 확장; 지역 양식의 문루·입구동; 입면 창·아케이드·파사드 확장; 마당 시설·정원 또는 저장 마당; 현관·차양·포치 완성,daily/day-067-stage-10-detail-07.svg,daily/day-067-stage-10-detail-07.png
68,11,1,6,우르 지구라트,이라크,기원전21세기,승인된 기준 형태,daily/day-068-stage-11-detail-01.svg,daily/day-068-stage-11-detail-01.png
69,11,2,6,우르 지구라트,이라크,기원전21세기,승인된 기준 형태; 넓은 기단·진입 계단,daily/day-069-stage-11-detail-02.svg,daily/day-069-stage-11-detail-02.png
70,11,3,6,우르 지구라트,이라크,기원전21세기,승인된 기준 형태; 넓은 기단·진입 계단; 지역 양식의 측면 별채·저층 확장,daily/day-070-stage-11-detail-03.svg,daily/day-070-stage-11-detail-03.png
71,11,4,6,우르 지구라트,이라크,기원전21세기,승인된 기준 형태; 넓은 기단·진입 계단; 지역 양식의 측면 별채·저층 확장; 지역 양식의 문루·입구동; 입면 창·아케이드·파사드 확장,daily/day-071-stage-11-detail-04.svg,daily/day-071-stage-11-detail-04.png
72,11,5,6,우르 지구라트,이라크,기원전21세기,승인된 기준 형태; 넓은 기단·진입 계단; 지역 양식의 측면 별채·저층 확장; 지역 양식의 문루·입구동; 입면 창·아케이드·파사드 확장; 마당 시설·정원 또는 저장 마당,daily/day-072-stage-11-detail-05.svg,daily/day-072-stage-11-detail-05.png
73,11,6,6,우르 지구라트,이라크,기원전21세기,승인된 기준 형태; 넓은 기단·진입 계단; 지역 양식의 측면 별채·저층 확장; 지역 양식의 문루·입구동; 입면 창·아케이드·파사드 확장; 마당 시설·정원 또는 저장 마당; 현관·차양·포치 완성,daily/day-073-stage-11-detail-06.svg,daily/day-073-stage-11-detail-06.png
74,12,1,7,미노스 궁전,그리스 크레타,기원전17세기,승인된 기준 형태,daily/day-074-stage-12-detail-01.svg,daily/day-074-stage-12-detail-01.png
75,12,2,7,미노스 궁전,그리스 크레타,기원전17세기,승인된 기준 형태; 넓은 기단·진입 계단,daily/day-075-stage-12-detail-02.svg,daily/day-075-stage-12-detail-02.png
76,12,3,7,미노스 궁전,그리스 크레타,기원전17세기,승인된 기준 형태; 넓은 기단·진입 계단; 지역 양식의 측면 별채·저층 확장,daily/day-076-stage-12-detail-03.svg,daily/day-076-stage-12-detail-03.png
77,12,4,7,미노스 궁전,그리스 크레타,기원전17세기,승인된 기준 형태; 넓은 기단·진입 계단; 지역 양식의 측면 별채·저층 확장; 지역 양식의 문루·입구동,daily/day-077-stage-12-detail-04.svg,daily/day-077-stage-12-detail-04.png
78,12,5,7,미노스 궁전,그리스 크레타,기원전17세기,승인된 기준 형태; 넓은 기단·진입 계단; 지역 양식의 측면 별채·저층 확장; 지역 양식의 문루·입구동; 입면 창·아케이드·파사드 확장,daily/day-078-stage-12-detail-05.svg,daily/day-078-stage-12-detail-05.png
79,12,6,7,미노스 궁전,그리스 크레타,기원전17세기,승인된 기준 형태; 넓은 기단·진입 계단; 지역 양식의 측면 별채·저층 확장; 지역 양식의 문루·입구동; 입면 창·아케이드·파사드 확장; 마당 시설·정원 또는 저장 마당,daily/day-079-stage-12-detail-06.svg,daily/day-079-stage-12-detail-06.png
80,12,7,7,미노스 궁전,그리스 크레타,기원전17세기,승인된 기준 형태; 넓은 기단·진입 계단; 지역 양식의 측면 별채·저층 확장; 지역 양식의 문루·입구동; 입면 창·아케이드·파사드 확장; 마당 시설·정원 또는 저장 마당; 현관·차양·포치 완성,daily/day-080-stage-12-detail-07.svg,daily/day-080-stage-12-detail-07.png
81,13,1,7,그리스 신전,그리스,기원전5세기,승인된 기준 형태,daily/day-081-stage-13-detail-01.svg,daily/day-081-stage-13-detail-01.png
82,13,2,7,그리스 신전,그리스,기원전5세기,승인된 기준 형태; 넓은 기단·진입 계단,daily/day-082-stage-13-detail-02.svg,daily/day-082-stage-13-detail-02.png
83,13,3,7,그리스 신전,그리스,기원전5세기,승인된 기준 형태; 넓은 기단·진입 계단; 지역 양식의 측면 별채·저층 확장,daily/day-083-stage-13-detail-03.svg,daily/day-083-stage-13-detail-03.png
84,13,4,7,그리스 신전,그리스,기원전5세기,승인된 기준 형태; 넓은 기단·진입 계단; 지역 양식의 측면 별채·저층 확장; 지역 양식의 문루·입구동,daily/day-084-stage-13-detail-04.svg,daily/day-084-stage-13-detail-04.png
85,13,5,7,그리스 신전,그리스,기원전5세기,승인된 기준 형태; 넓은 기단·진입 계단; 지역 양식의 측면 별채·저층 확장; 지역 양식의 문루·입구동; 입면 창·아케이드·파사드 확장,daily/day-085-stage-13-detail-05.svg,daily/day-085-stage-13-detail-05.png
86,13,6,7,그리스 신전,그리스,기원전5세기,승인된 기준 형태; 넓은 기단·진입 계단; 지역 양식의 측면 별채·저층 확장; 지역 양식의 문루·입구동; 입면 창·아케이드·파사드 확장; 마당 시설·정원 또는 저장 마당,daily/day-086-stage-13-detail-06.svg,daily/day-086-stage-13-detail-06.png
87,13,7,7,그리스 신전,그리스,기원전5세기,승인된 기준 형태; 넓은 기단·진입 계단; 지역 양식의 측면 별채·저층 확장; 지역 양식의 문루·입구동; 입면 창·아케이드·파사드 확장; 마당 시설·정원 또는 저장 마당; 현관·차양·포치 완성,daily/day-087-stage-13-detail-07.svg,daily/day-087-stage-13-detail-07.png
88,14,1,6,로마 판테온,이탈리아,2세기,승인된 기준 형태,daily/day-088-stage-14-detail-01.svg,daily/day-088-stage-14-detail-01.png
89,14,2,6,로마 판테온,이탈리아,2세기,승인된 기준 형태; 넓은 기단·진입 계단,daily/day-089-stage-14-detail-02.svg,daily/day-089-stage-14-detail-02.png
90,14,3,6,로마 판테온,이탈리아,2세기,승인된 기준 형태; 넓은 기단·진입 계단; 지역 양식의 측면 별채·저층 확장,daily/day-090-stage-14-detail-03.svg,daily/day-090-stage-14-detail-03.png
91,14,4,6,로마 판테온,이탈리아,2세기,승인된 기준 형태; 넓은 기단·진입 계단; 지역 양식의 측면 별채·저층 확장; 지역 양식의 문루·입구동; 입면 창·아케이드·파사드 확장,daily/day-091-stage-14-detail-04.svg,daily/day-091-stage-14-detail-04.png
92,14,5,6,로마 판테온,이탈리아,2세기,승인된 기준 형태; 넓은 기단·진입 계단; 지역 양식의 측면 별채·저층 확장; 지역 양식의 문루·입구동; 입면 창·아케이드·파사드 확장; 마당 시설·정원 또는 저장 마당,daily/day-092-stage-14-detail-05.svg,daily/day-092-stage-14-detail-05.png
93,14,6,6,로마 판테온,이탈리아,2세기,승인된 기준 형태; 넓은 기단·진입 계단; 지역 양식의 측면 별채·저층 확장; 지역 양식의 문루·입구동; 입면 창·아케이드·파사드 확장; 마당 시설·정원 또는 저장 마당; 현관·차양·포치 완성,daily/day-093-stage-14-detail-06.svg,daily/day-093-stage-14-detail-06.png
94,15,1,7,비잔틴 돔,튀르키예,6세기,승인된 기준 형태,daily/day-094-stage-15-detail-01.svg,daily/day-094-stage-15-detail-01.png
95,15,2,7,비잔틴 돔,튀르키예,6세기,승인된 기준 형태; 넓은 기단·진입 계단,daily/day-095-stage-15-detail-02.svg,daily/day-095-stage-15-detail-02.png
96,15,3,7,비잔틴 돔,튀르키예,6세기,승인된 기준 형태; 넓은 기단·진입 계단; 지역 양식의 측면 별채·저층 확장,daily/day-096-stage-15-detail-03.svg,daily/day-096-stage-15-detail-03.png
97,15,4,7,비잔틴 돔,튀르키예,6세기,승인된 기준 형태; 넓은 기단·진입 계단; 지역 양식의 측면 별채·저층 확장; 지역 양식의 문루·입구동,daily/day-097-stage-15-detail-04.svg,daily/day-097-stage-15-detail-04.png
98,15,5,7,비잔틴 돔,튀르키예,6세기,승인된 기준 형태; 넓은 기단·진입 계단; 지역 양식의 측면 별채·저층 확장; 지역 양식의 문루·입구동; 입면 창·아케이드·파사드 확장,daily/day-098-stage-15-detail-05.svg,daily/day-098-stage-15-detail-05.png
99,15,6,7,비잔틴 돔,튀르키예,6세기,승인된 기준 형태; 넓은 기단·진입 계단; 지역 양식의 측면 별채·저층 확장; 지역 양식의 문루·입구동; 입면 창·아케이드·파사드 확장; 마당 시설·정원 또는 저장 마당,daily/day-099-stage-15-detail-06.svg,daily/day-099-stage-15-detail-06.png
100,15,7,7,비잔틴 돔,튀르키예,6세기,승인된 기준 형태; 넓은 기단·진입 계단; 지역 양식의 측면 별채·저층 확장; 지역 양식의 문루·입구동; 입면 창·아케이드·파사드 확장; 마당 시설·정원 또는 저장 마당; 현관·차양·포치 완성,daily/day-100-stage-15-detail-07.svg,daily/day-100-stage-15-detail-07.png
101,16,1,7,호류지 목탑,일본,7–8세기,승인된 기준 형태,daily/day-101-stage-16-detail-01.svg,daily/day-101-stage-16-detail-01.png
102,16,2,7,호류지 목탑,일본,7–8세기,승인된 기준 형태; 넓은 기단·진입 계단,daily/day-102-stage-16-detail-02.svg,daily/day-102-stage-16-detail-02.png
103,16,3,7,호류지 목탑,일본,7–8세기,승인된 기준 형태; 넓은 기단·진입 계단; 지역 양식의 측면 별채·저층 확장,daily/day-103-stage-16-detail-03.svg,daily/day-103-stage-16-detail-03.png
104,16,4,7,호류지 목탑,일본,7–8세기,승인된 기준 형태; 넓은 기단·진입 계단; 지역 양식의 측면 별채·저층 확장; 지역 양식의 문루·입구동,daily/day-104-stage-16-detail-04.svg,daily/day-104-stage-16-detail-04.png
105,16,5,7,호류지 목탑,일본,7–8세기,승인된 기준 형태; 넓은 기단·진입 계단; 지역 양식의 측면 별채·저층 확장; 지역 양식의 문루·입구동; 입면 창·아케이드·파사드 확장,daily/day-105-stage-16-detail-05.svg,daily/day-105-stage-16-detail-05.png
106,16,6,7,호류지 목탑,일본,7–8세기,승인된 기준 형태; 넓은 기단·진입 계단; 지역 양식의 측면 별채·저층 확장; 지역 양식의 문루·입구동; 입면 창·아케이드·파사드 확장; 마당 시설·정원 또는 저장 마당,daily/day-106-stage-16-detail-06.svg,daily/day-106-stage-16-detail-06.png
107,16,7,7,호류지 목탑,일본,7–8세기,승인된 기준 형태; 넓은 기단·진입 계단; 지역 양식의 측면 별채·저층 확장; 지역 양식의 문루·입구동; 입면 창·아케이드·파사드 확장; 마당 시설·정원 또는 저장 마당; 현관·차양·포치 완성,daily/day-107-stage-16-detail-07.svg,daily/day-107-stage-16-detail-07.png
108,17,1,7,마야 계단 신전,멕시코,8세기 대표,승인된 기준 형태,daily/day-108-stage-17-detail-01.svg,daily/day-108-stage-17-detail-01.png
109,17,2,7,마야 계단 신전,멕시코,8세기 대표,승인된 기준 형태; 넓은 기단·진입 계단,daily/day-109-stage-17-detail-02.svg,daily/day-109-stage-17-detail-02.png
110,17,3,7,마야 계단 신전,멕시코,8세기 대표,승인된 기준 형태; 넓은 기단·진입 계단; 지역 양식의 측면 별채·저층 확장,daily/day-110-stage-17-detail-03.svg,daily/day-110-stage-17-detail-03.png
111,17,4,7,마야 계단 신전,멕시코,8세기 대표,승인된 기준 형태; 넓은 기단·진입 계단; 지역 양식의 측면 별채·저층 확장; 지역 양식의 문루·입구동,daily/day-111-stage-17-detail-04.svg,daily/day-111-stage-17-detail-04.png
112,17,5,7,마야 계단 신전,멕시코,8세기 대표,승인된 기준 형태; 넓은 기단·진입 계단; 지역 양식의 측면 별채·저층 확장; 지역 양식의 문루·입구동; 입면 창·아케이드·파사드 확장,daily/day-112-stage-17-detail-05.svg,daily/day-112-stage-17-detail-05.png
113,17,6,7,마야 계단 신전,멕시코,8세기 대표,승인된 기준 형태; 넓은 기단·진입 계단; 지역 양식의 측면 별채·저층 확장; 지역 양식의 문루·입구동; 입면 창·아케이드·파사드 확장; 마당 시설·정원 또는 저장 마당,daily/day-113-stage-17-detail-06.svg,daily/day-113-stage-17-detail-06.png
114,17,7,7,마야 계단 신전,멕시코,8세기 대표,승인된 기준 형태; 넓은 기단·진입 계단; 지역 양식의 측면 별채·저층 확장; 지역 양식의 문루·입구동; 입면 창·아케이드·파사드 확장; 마당 시설·정원 또는 저장 마당; 현관·차양·포치 완성,daily/day-114-stage-17-detail-07.svg,daily/day-114-stage-17-detail-07.png
115,18,1,6,이슬람 아치 궁전,서아시아,8–9세기,승인된 기준 형태,daily/day-115-stage-18-detail-01.svg,daily/day-115-stage-18-detail-01.png
116,18,2,6,이슬람 아치 궁전,서아시아,8–9세기,승인된 기준 형태; 넓은 기단·진입 계단,daily/day-116-stage-18-detail-02.svg,daily/day-116-stage-18-detail-02.png
117,18,3,6,이슬람 아치 궁전,서아시아,8–9세기,승인된 기준 형태; 넓은 기단·진입 계단; 지역 양식의 측면 별채·저층 확장,daily/day-117-stage-18-detail-03.svg,daily/day-117-stage-18-detail-03.png
118,18,4,6,이슬람 아치 궁전,서아시아,8–9세기,승인된 기준 형태; 넓은 기단·진입 계단; 지역 양식의 측면 별채·저층 확장; 지역 양식의 문루·입구동; 입면 창·아케이드·파사드 확장,daily/day-118-stage-18-detail-04.svg,daily/day-118-stage-18-detail-04.png
119,18,5,6,이슬람 아치 궁전,서아시아,8–9세기,승인된 기준 형태; 넓은 기단·진입 계단; 지역 양식의 측면 별채·저층 확장; 지역 양식의 문루·입구동; 입면 창·아케이드·파사드 확장; 마당 시설·정원 또는 저장 마당,daily/day-119-stage-18-detail-05.svg,daily/day-119-stage-18-detail-05.png
120,18,6,6,이슬람 아치 궁전,서아시아,8–9세기,승인된 기준 형태; 넓은 기단·진입 계단; 지역 양식의 측면 별채·저층 확장; 지역 양식의 문루·입구동; 입면 창·아케이드·파사드 확장; 마당 시설·정원 또는 저장 마당; 현관·차양·포치 완성,daily/day-120-stage-18-detail-06.svg,daily/day-120-stage-18-detail-06.png
121,19,1,7,바이킹 롱하우스,북유럽,9–10세기,승인된 기준 형태,daily/day-121-stage-19-detail-01.svg,daily/day-121-stage-19-detail-01.png
122,19,2,7,바이킹 롱하우스,북유럽,9–10세기,승인된 기준 형태; 넓은 기단·진입 계단,daily/day-122-stage-19-detail-02.svg,daily/day-122-stage-19-detail-02.png
123,19,3,7,바이킹 롱하우스,북유럽,9–10세기,승인된 기준 형태; 넓은 기단·진입 계단; 지역 양식의 측면 별채·저층 확장,daily/day-123-stage-19-detail-03.svg,daily/day-123-stage-19-detail-03.png
124,19,4,7,바이킹 롱하우스,북유럽,9–10세기,승인된 기준 형태; 넓은 기단·진입 계단; 지역 양식의 측면 별채·저층 확장; 지역 양식의 문루·입구동,daily/day-124-stage-19-detail-04.svg,daily/day-124-stage-19-detail-04.png
125,19,5,7,바이킹 롱하우스,북유럽,9–10세기,승인된 기준 형태; 넓은 기단·진입 계단; 지역 양식의 측면 별채·저층 확장; 지역 양식의 문루·입구동; 입면 창·아케이드·파사드 확장,daily/day-125-stage-19-detail-05.svg,daily/day-125-stage-19-detail-05.png
126,19,6,7,바이킹 롱하우스,북유럽,9–10세기,승인된 기준 형태; 넓은 기단·진입 계단; 지역 양식의 측면 별채·저층 확장; 지역 양식의 문루·입구동; 입면 창·아케이드·파사드 확장; 마당 시설·정원 또는 저장 마당,daily/day-126-stage-19-detail-06.svg,daily/day-126-stage-19-detail-06.png
127,19,7,7,바이킹 롱하우스,북유럽,9–10세기,승인된 기준 형태; 넓은 기단·진입 계단; 지역 양식의 측면 별채·저층 확장; 지역 양식의 문루·입구동; 입면 창·아케이드·파사드 확장; 마당 시설·정원 또는 저장 마당; 현관·차양·포치 완성,daily/day-127-stage-19-detail-07.svg,daily/day-127-stage-19-detail-07.png
128,20,1,7,로마네스크 석조,서유럽,11세기,승인된 기준 형태,daily/day-128-stage-20-detail-01.svg,daily/day-128-stage-20-detail-01.png
129,20,2,7,로마네스크 석조,서유럽,11세기,승인된 기준 형태; 넓은 기단·진입 계단,daily/day-129-stage-20-detail-02.svg,daily/day-129-stage-20-detail-02.png
130,20,3,7,로마네스크 석조,서유럽,11세기,승인된 기준 형태; 넓은 기단·진입 계단; 지역 양식의 측면 별채·저층 확장,daily/day-130-stage-20-detail-03.svg,daily/day-130-stage-20-detail-03.png
131,20,4,7,로마네스크 석조,서유럽,11세기,승인된 기준 형태; 넓은 기단·진입 계단; 지역 양식의 측면 별채·저층 확장; 지역 양식의 문루·입구동,daily/day-131-stage-20-detail-04.svg,daily/day-131-stage-20-detail-04.png
132,20,5,7,로마네스크 석조,서유럽,11세기,승인된 기준 형태; 넓은 기단·진입 계단; 지역 양식의 측면 별채·저층 확장; 지역 양식의 문루·입구동; 입면 창·아케이드·파사드 확장,daily/day-132-stage-20-detail-05.svg,daily/day-132-stage-20-detail-05.png
133,20,6,7,로마네스크 석조,서유럽,11세기,승인된 기준 형태; 넓은 기단·진입 계단; 지역 양식의 측면 별채·저층 확장; 지역 양식의 문루·입구동; 입면 창·아케이드·파사드 확장; 마당 시설·정원 또는 저장 마당,daily/day-133-stage-20-detail-06.svg,daily/day-133-stage-20-detail-06.png
134,20,7,7,로마네스크 석조,서유럽,11세기,승인된 기준 형태; 넓은 기단·진입 계단; 지역 양식의 측면 별채·저층 확장; 지역 양식의 문루·입구동; 입면 창·아케이드·파사드 확장; 마당 시설·정원 또는 저장 마당; 현관·차양·포치 완성,daily/day-134-stage-20-detail-07.svg,daily/day-134-stage-20-detail-07.png
135,21,1,6,앙코르 사원,캄보디아,12세기,승인된 기준 형태,daily/day-135-stage-21-detail-01.svg,daily/day-135-stage-21-detail-01.png
136,21,2,6,앙코르 사원,캄보디아,12세기,승인된 기준 형태; 넓은 기단·진입 계단,daily/day-136-stage-21-detail-02.svg,daily/day-136-stage-21-detail-02.png
137,21,3,6,앙코르 사원,캄보디아,12세기,승인된 기준 형태; 넓은 기단·진입 계단; 지역 양식의 측면 별채·저층 확장,daily/day-137-stage-21-detail-03.svg,daily/day-137-stage-21-detail-03.png
138,21,4,6,앙코르 사원,캄보디아,12세기,승인된 기준 형태; 넓은 기단·진입 계단; 지역 양식의 측면 별채·저층 확장; 지역 양식의 문루·입구동; 입면 창·아케이드·파사드 확장,daily/day-138-stage-21-detail-04.svg,daily/day-138-stage-21-detail-04.png
139,21,5,6,앙코르 사원,캄보디아,12세기,승인된 기준 형태; 넓은 기단·진입 계단; 지역 양식의 측면 별채·저층 확장; 지역 양식의 문루·입구동; 입면 창·아케이드·파사드 확장; 마당 시설·정원 또는 저장 마당,daily/day-139-stage-21-detail-05.svg,daily/day-139-stage-21-detail-05.png
140,21,6,6,앙코르 사원,캄보디아,12세기,승인된 기준 형태; 넓은 기단·진입 계단; 지역 양식의 측면 별채·저층 확장; 지역 양식의 문루·입구동; 입면 창·아케이드·파사드 확장; 마당 시설·정원 또는 저장 마당; 현관·차양·포치 완성,daily/day-140-stage-21-detail-06.svg,daily/day-140-stage-21-detail-06.png
141,22,1,7,고딕 대성당,프랑스,12–13세기,승인된 기준 형태,daily/day-141-stage-22-detail-01.svg,daily/day-141-stage-22-detail-01.png
142,22,2,7,고딕 대성당,프랑스,12–13세기,승인된 기준 형태; 넓은 기단·진입 계단,daily/day-142-stage-22-detail-02.svg,daily/day-142-stage-22-detail-02.png
143,22,3,7,고딕 대성당,프랑스,12–13세기,승인된 기준 형태; 넓은 기단·진입 계단; 지역 양식의 측면 별채·저층 확장,daily/day-143-stage-22-detail-03.svg,daily/day-143-stage-22-detail-03.png
144,22,4,7,고딕 대성당,프랑스,12–13세기,승인된 기준 형태; 넓은 기단·진입 계단; 지역 양식의 측면 별채·저층 확장; 지역 양식의 문루·입구동,daily/day-144-stage-22-detail-04.svg,daily/day-144-stage-22-detail-04.png
145,22,5,7,고딕 대성당,프랑스,12–13세기,승인된 기준 형태; 넓은 기단·진입 계단; 지역 양식의 측면 별채·저층 확장; 지역 양식의 문루·입구동; 입면 창·아케이드·파사드 확장,daily/day-145-stage-22-detail-05.svg,daily/day-145-stage-22-detail-05.png
146,22,6,7,고딕 대성당,프랑스,12–13세기,승인된 기준 형태; 넓은 기단·진입 계단; 지역 양식의 측면 별채·저층 확장; 지역 양식의 문루·입구동; 입면 창·아케이드·파사드 확장; 마당 시설·정원 또는 저장 마당,daily/day-146-stage-22-detail-06.svg,daily/day-146-stage-22-detail-06.png
147,22,7,7,고딕 대성당,프랑스,12–13세기,승인된 기준 형태; 넓은 기단·진입 계단; 지역 양식의 측면 별채·저층 확장; 지역 양식의 문루·입구동; 입면 창·아케이드·파사드 확장; 마당 시설·정원 또는 저장 마당; 현관·차양·포치 완성,daily/day-147-stage-22-detail-07.svg,daily/day-147-stage-22-detail-07.png
148,23,1,7,절벽 푸에블로,미국 남서부,13세기,승인된 기준 형태,daily/day-148-stage-23-detail-01.svg,daily/day-148-stage-23-detail-01.png
149,23,2,7,절벽 푸에블로,미국 남서부,13세기,승인된 기준 형태; 넓은 기단·진입 계단,daily/day-149-stage-23-detail-02.svg,daily/day-149-stage-23-detail-02.png
150,23,3,7,절벽 푸에블로,미국 남서부,13세기,승인된 기준 형태; 넓은 기단·진입 계단; 지역 양식의 측면 별채·저층 확장,daily/day-150-stage-23-detail-03.svg,daily/day-150-stage-23-detail-03.png
151,23,4,7,절벽 푸에블로,미국 남서부,13세기,승인된 기준 형태; 넓은 기단·진입 계단; 지역 양식의 측면 별채·저층 확장; 지역 양식의 문루·입구동,daily/day-151-stage-23-detail-04.svg,daily/day-151-stage-23-detail-04.png
152,23,5,7,절벽 푸에블로,미국 남서부,13세기,승인된 기준 형태; 넓은 기단·진입 계단; 지역 양식의 측면 별채·저층 확장; 지역 양식의 문루·입구동; 입면 창·아케이드·파사드 확장,daily/day-152-stage-23-detail-05.svg,daily/day-152-stage-23-detail-05.png
153,23,6,7,절벽 푸에블로,미국 남서부,13세기,승인된 기준 형태; 넓은 기단·진입 계단; 지역 양식의 측면 별채·저층 확장; 지역 양식의 문루·입구동; 입면 창·아케이드·파사드 확장; 마당 시설·정원 또는 저장 마당,daily/day-153-stage-23-detail-06.svg,daily/day-153-stage-23-detail-06.png
154,23,7,7,절벽 푸에블로,미국 남서부,13세기,승인된 기준 형태; 넓은 기단·진입 계단; 지역 양식의 측면 별채·저층 확장; 지역 양식의 문루·입구동; 입면 창·아케이드·파사드 확장; 마당 시설·정원 또는 저장 마당; 현관·차양·포치 완성,daily/day-154-stage-23-detail-07.svg,daily/day-154-stage-23-detail-07.png
155,24,1,7,짐바브웨 석조 성곽,짐바브웨,11–15세기 중 대표,승인된 기준 형태,daily/day-155-stage-24-detail-01.svg,daily/day-155-stage-24-detail-01.png
156,24,2,7,짐바브웨 석조 성곽,짐바브웨,11–15세기 중 대표,승인된 기준 형태; 넓은 기단·진입 계단,daily/day-156-stage-24-detail-02.svg,daily/day-156-stage-24-detail-02.png
157,24,3,7,짐바브웨 석조 성곽,짐바브웨,11–15세기 중 대표,승인된 기준 형태; 넓은 기단·진입 계단; 지역 양식의 측면 별채·저층 확장,daily/day-157-stage-24-detail-03.svg,daily/day-157-stage-24-detail-03.png
158,24,4,7,짐바브웨 석조 성곽,짐바브웨,11–15세기 중 대표,승인된 기준 형태; 넓은 기단·진입 계단; 지역 양식의 측면 별채·저층 확장; 지역 양식의 문루·입구동,daily/day-158-stage-24-detail-04.svg,daily/day-158-stage-24-detail-04.png
159,24,5,7,짐바브웨 석조 성곽,짐바브웨,11–15세기 중 대표,승인된 기준 형태; 넓은 기단·진입 계단; 지역 양식의 측면 별채·저층 확장; 지역 양식의 문루·입구동; 입면 창·아케이드·파사드 확장,daily/day-159-stage-24-detail-05.svg,daily/day-159-stage-24-detail-05.png
160,24,6,7,짐바브웨 석조 성곽,짐바브웨,11–15세기 중 대표,승인된 기준 형태; 넓은 기단·진입 계단; 지역 양식의 측면 별채·저층 확장; 지역 양식의 문루·입구동; 입면 창·아케이드·파사드 확장; 마당 시설·정원 또는 저장 마당,daily/day-160-stage-24-detail-06.svg,daily/day-160-stage-24-detail-06.png
161,24,7,7,짐바브웨 석조 성곽,짐바브웨,11–15세기 중 대표,승인된 기준 형태; 넓은 기단·진입 계단; 지역 양식의 측면 별채·저층 확장; 지역 양식의 문루·입구동; 입면 창·아케이드·파사드 확장; 마당 시설·정원 또는 저장 마당; 현관·차양·포치 완성,daily/day-161-stage-24-detail-07.svg,daily/day-161-stage-24-detail-07.png
162,25,1,6,조선 한옥,한국,조선 초기 대표,승인된 기준 형태,daily/day-162-stage-25-detail-01.svg,daily/day-162-stage-25-detail-01.png
163,25,2,6,조선 한옥,한국,조선 초기 대표,승인된 기준 형태; 넓은 기단·진입 계단,daily/day-163-stage-25-detail-02.svg,daily/day-163-stage-25-detail-02.png
164,25,3,6,조선 한옥,한국,조선 초기 대표,승인된 기준 형태; 넓은 기단·진입 계단; 지역 양식의 측면 별채·저층 확장,daily/day-164-stage-25-detail-03.svg,daily/day-164-stage-25-detail-03.png
165,25,4,6,조선 한옥,한국,조선 초기 대표,승인된 기준 형태; 넓은 기단·진입 계단; 지역 양식의 측면 별채·저층 확장; 지역 양식의 문루·입구동; 입면 창·아케이드·파사드 확장,daily/day-165-stage-25-detail-04.svg,daily/day-165-stage-25-detail-04.png
166,25,5,6,조선 한옥,한국,조선 초기 대표,승인된 기준 형태; 넓은 기단·진입 계단; 지역 양식의 측면 별채·저층 확장; 지역 양식의 문루·입구동; 입면 창·아케이드·파사드 확장; 마당 시설·정원 또는 저장 마당,daily/day-166-stage-25-detail-05.svg,daily/day-166-stage-25-detail-05.png
167,25,6,6,조선 한옥,한국,조선 초기 대표,승인된 기준 형태; 넓은 기단·진입 계단; 지역 양식의 측면 별채·저층 확장; 지역 양식의 문루·입구동; 입면 창·아케이드·파사드 확장; 마당 시설·정원 또는 저장 마당; 현관·차양·포치 완성,daily/day-167-stage-25-detail-06.svg,daily/day-167-stage-25-detail-06.png
168,26,1,7,르네상스 팔라초,이탈리아,15세기,승인된 기준 형태,daily/day-168-stage-26-detail-01.svg,daily/day-168-stage-26-detail-01.png
169,26,2,7,르네상스 팔라초,이탈리아,15세기,승인된 기준 형태; 넓은 기단·진입 계단,daily/day-169-stage-26-detail-02.svg,daily/day-169-stage-26-detail-02.png
170,26,3,7,르네상스 팔라초,이탈리아,15세기,승인된 기준 형태; 넓은 기단·진입 계단; 지역 양식의 측면 별채·저층 확장,daily/day-170-stage-26-detail-03.svg,daily/day-170-stage-26-detail-03.png
171,26,4,7,르네상스 팔라초,이탈리아,15세기,승인된 기준 형태; 넓은 기단·진입 계단; 지역 양식의 측면 별채·저층 확장; 지역 양식의 문루·입구동,daily/day-171-stage-26-detail-04.svg,daily/day-171-stage-26-detail-04.png
172,26,5,7,르네상스 팔라초,이탈리아,15세기,승인된 기준 형태; 넓은 기단·진입 계단; 지역 양식의 측면 별채·저층 확장; 지역 양식의 문루·입구동; 입면 창·아케이드·파사드 확장,daily/day-172-stage-26-detail-05.svg,daily/day-172-stage-26-detail-05.png
173,26,6,7,르네상스 팔라초,이탈리아,15세기,승인된 기준 형태; 넓은 기단·진입 계단; 지역 양식의 측면 별채·저층 확장; 지역 양식의 문루·입구동; 입면 창·아케이드·파사드 확장; 마당 시설·정원 또는 저장 마당,daily/day-173-stage-26-detail-06.svg,daily/day-173-stage-26-detail-06.png
174,26,7,7,르네상스 팔라초,이탈리아,15세기,승인된 기준 형태; 넓은 기단·진입 계단; 지역 양식의 측면 별채·저층 확장; 지역 양식의 문루·입구동; 입면 창·아케이드·파사드 확장; 마당 시설·정원 또는 저장 마당; 현관·차양·포치 완성,daily/day-174-stage-26-detail-07.svg,daily/day-174-stage-26-detail-07.png
175,27,1,7,푸젠 토루,중국,15–20세기 중 대표,승인된 기준 형태,daily/day-175-stage-27-detail-01.svg,daily/day-175-stage-27-detail-01.png
176,27,2,7,푸젠 토루,중국,15–20세기 중 대표,승인된 기준 형태; 넓은 기단·진입 계단,daily/day-176-stage-27-detail-02.svg,daily/day-176-stage-27-detail-02.png
177,27,3,7,푸젠 토루,중국,15–20세기 중 대표,승인된 기준 형태; 넓은 기단·진입 계단; 지역 양식의 측면 별채·저층 확장,daily/day-177-stage-27-detail-03.svg,daily/day-177-stage-27-detail-03.png
178,27,4,7,푸젠 토루,중국,15–20세기 중 대표,승인된 기준 형태; 넓은 기단·진입 계단; 지역 양식의 측면 별채·저층 확장; 지역 양식의 문루·입구동,daily/day-178-stage-27-detail-04.svg,daily/day-178-stage-27-detail-04.png
179,27,5,7,푸젠 토루,중국,15–20세기 중 대표,승인된 기준 형태; 넓은 기단·진입 계단; 지역 양식의 측면 별채·저층 확장; 지역 양식의 문루·입구동; 입면 창·아케이드·파사드 확장,daily/day-179-stage-27-detail-05.svg,daily/day-179-stage-27-detail-05.png
180,27,6,7,푸젠 토루,중국,15–20세기 중 대표,승인된 기준 형태; 넓은 기단·진입 계단; 지역 양식의 측면 별채·저층 확장; 지역 양식의 문루·입구동; 입면 창·아케이드·파사드 확장; 마당 시설·정원 또는 저장 마당,daily/day-180-stage-27-detail-06.svg,daily/day-180-stage-27-detail-06.png
181,27,7,7,푸젠 토루,중국,15–20세기 중 대표,승인된 기준 형태; 넓은 기단·진입 계단; 지역 양식의 측면 별채·저층 확장; 지역 양식의 문루·입구동; 입면 창·아케이드·파사드 확장; 마당 시설·정원 또는 저장 마당; 현관·차양·포치 완성,daily/day-181-stage-27-detail-07.svg,daily/day-181-stage-27-detail-07.png
182,28,1,6,튜더 목조 주택,영국,16세기,승인된 기준 형태,daily/day-182-stage-28-detail-01.svg,daily/day-182-stage-28-detail-01.png
183,28,2,6,튜더 목조 주택,영국,16세기,승인된 기준 형태; 넓은 기단·진입 계단,daily/day-183-stage-28-detail-02.svg,daily/day-183-stage-28-detail-02.png
184,28,3,6,튜더 목조 주택,영국,16세기,승인된 기준 형태; 넓은 기단·진입 계단; 지역 양식의 측면 별채·저층 확장,daily/day-184-stage-28-detail-03.svg,daily/day-184-stage-28-detail-03.png
185,28,4,6,튜더 목조 주택,영국,16세기,승인된 기준 형태; 넓은 기단·진입 계단; 지역 양식의 측면 별채·저층 확장; 지역 양식의 문루·입구동; 입면 창·아케이드·파사드 확장,daily/day-185-stage-28-detail-04.svg,daily/day-185-stage-28-detail-04.png
186,28,5,6,튜더 목조 주택,영국,16세기,승인된 기준 형태; 넓은 기단·진입 계단; 지역 양식의 측면 별채·저층 확장; 지역 양식의 문루·입구동; 입면 창·아케이드·파사드 확장; 마당 시설·정원 또는 저장 마당,daily/day-186-stage-28-detail-05.svg,daily/day-186-stage-28-detail-05.png
187,28,6,6,튜더 목조 주택,영국,16세기,승인된 기준 형태; 넓은 기단·진입 계단; 지역 양식의 측면 별채·저층 확장; 지역 양식의 문루·입구동; 입면 창·아케이드·파사드 확장; 마당 시설·정원 또는 저장 마당; 현관·차양·포치 완성,daily/day-187-stage-28-detail-06.svg,daily/day-187-stage-28-detail-06.png
188,29,1,7,시밤 흙탑 주택,예멘,16세기 대표,승인된 기준 형태,daily/day-188-stage-29-detail-01.svg,daily/day-188-stage-29-detail-01.png
189,29,2,7,시밤 흙탑 주택,예멘,16세기 대표,승인된 기준 형태; 넓은 기단·진입 계단,daily/day-189-stage-29-detail-02.svg,daily/day-189-stage-29-detail-02.png
190,29,3,7,시밤 흙탑 주택,예멘,16세기 대표,승인된 기준 형태; 넓은 기단·진입 계단; 지역 양식의 측면 별채·저층 확장,daily/day-190-stage-29-detail-03.svg,daily/day-190-stage-29-detail-03.png
191,29,4,7,시밤 흙탑 주택,예멘,16세기 대표,승인된 기준 형태; 넓은 기단·진입 계단; 지역 양식의 측면 별채·저층 확장; 지역 양식의 문루·입구동,daily/day-191-stage-29-detail-04.svg,daily/day-191-stage-29-detail-04.png
192,29,5,7,시밤 흙탑 주택,예멘,16세기 대표,승인된 기준 형태; 넓은 기단·진입 계단; 지역 양식의 측면 별채·저층 확장; 지역 양식의 문루·입구동; 입면 창·아케이드·파사드 확장,daily/day-192-stage-29-detail-05.svg,daily/day-192-stage-29-detail-05.png
193,29,6,7,시밤 흙탑 주택,예멘,16세기 대표,승인된 기준 형태; 넓은 기단·진입 계단; 지역 양식의 측면 별채·저층 확장; 지역 양식의 문루·입구동; 입면 창·아케이드·파사드 확장; 마당 시설·정원 또는 저장 마당,daily/day-193-stage-29-detail-06.svg,daily/day-193-stage-29-detail-06.png
194,29,7,7,시밤 흙탑 주택,예멘,16세기 대표,승인된 기준 형태; 넓은 기단·진입 계단; 지역 양식의 측면 별채·저층 확장; 지역 양식의 문루·입구동; 입면 창·아케이드·파사드 확장; 마당 시설·정원 또는 저장 마당; 현관·차양·포치 완성,daily/day-194-stage-29-detail-07.svg,daily/day-194-stage-29-detail-07.png
195,30,1,7,무굴 돔 궁전,인도,17세기,승인된 기준 형태,daily/day-195-stage-30-detail-01.svg,daily/day-195-stage-30-detail-01.png
196,30,2,7,무굴 돔 궁전,인도,17세기,승인된 기준 형태; 넓은 기단·진입 계단,daily/day-196-stage-30-detail-02.svg,daily/day-196-stage-30-detail-02.png
197,30,3,7,무굴 돔 궁전,인도,17세기,승인된 기준 형태; 넓은 기단·진입 계단; 지역 양식의 측면 별채·저층 확장,daily/day-197-stage-30-detail-03.svg,daily/day-197-stage-30-detail-03.png
198,30,4,7,무굴 돔 궁전,인도,17세기,승인된 기준 형태; 넓은 기단·진입 계단; 지역 양식의 측면 별채·저층 확장; 지역 양식의 문루·입구동,daily/day-198-stage-30-detail-04.svg,daily/day-198-stage-30-detail-04.png
199,30,5,7,무굴 돔 궁전,인도,17세기,승인된 기준 형태; 넓은 기단·진입 계단; 지역 양식의 측면 별채·저층 확장; 지역 양식의 문루·입구동; 입면 창·아케이드·파사드 확장,daily/day-199-stage-30-detail-05.svg,daily/day-199-stage-30-detail-05.png
200,30,6,7,무굴 돔 궁전,인도,17세기,승인된 기준 형태; 넓은 기단·진입 계단; 지역 양식의 측면 별채·저층 확장; 지역 양식의 문루·입구동; 입면 창·아케이드·파사드 확장; 마당 시설·정원 또는 저장 마당,daily/day-200-stage-30-detail-06.svg,daily/day-200-stage-30-detail-06.png
201,30,7,7,무굴 돔 궁전,인도,17세기,승인된 기준 형태; 넓은 기단·진입 계단; 지역 양식의 측면 별채·저층 확장; 지역 양식의 문루·입구동; 입면 창·아케이드·파사드 확장; 마당 시설·정원 또는 저장 마당; 현관·차양·포치 완성,daily/day-201-stage-30-detail-07.svg,daily/day-201-stage-30-detail-07.png
202,31,1,7,일본 성곽,일본,17세기 대표,승인된 기준 형태,daily/day-202-stage-31-detail-01.svg,daily/day-202-stage-31-detail-01.png
203,31,2,7,일본 성곽,일본,17세기 대표,승인된 기준 형태; 넓은 기단·진입 계단,daily/day-203-stage-31-detail-02.svg,daily/day-203-stage-31-detail-02.png
204,31,3,7,일본 성곽,일본,17세기 대표,승인된 기준 형태; 넓은 기단·진입 계단; 지역 양식의 측면 별채·저층 확장,daily/day-204-stage-31-detail-03.svg,daily/day-204-stage-31-detail-03.png
205,31,4,7,일본 성곽,일본,17세기 대표,승인된 기준 형태; 넓은 기단·진입 계단; 지역 양식의 측면 별채·저층 확장; 지역 양식의 문루·입구동,daily/day-205-stage-31-detail-04.svg,daily/day-205-stage-31-detail-04.png
206,31,5,7,일본 성곽,일본,17세기 대표,승인된 기준 형태; 넓은 기단·진입 계단; 지역 양식의 측면 별채·저층 확장; 지역 양식의 문루·입구동; 입면 창·아케이드·파사드 확장,daily/day-206-stage-31-detail-05.svg,daily/day-206-stage-31-detail-05.png
207,31,6,7,일본 성곽,일본,17세기 대표,승인된 기준 형태; 넓은 기단·진입 계단; 지역 양식의 측면 별채·저층 확장; 지역 양식의 문루·입구동; 입면 창·아케이드·파사드 확장; 마당 시설·정원 또는 저장 마당,daily/day-207-stage-31-detail-06.svg,daily/day-207-stage-31-detail-06.png
208,31,7,7,일본 성곽,일본,17세기 대표,승인된 기준 형태; 넓은 기단·진입 계단; 지역 양식의 측면 별채·저층 확장; 지역 양식의 문루·입구동; 입면 창·아케이드·파사드 확장; 마당 시설·정원 또는 저장 마당; 현관·차양·포치 완성,daily/day-208-stage-31-detail-07.svg,daily/day-208-stage-31-detail-07.png
209,32,1,6,바로크 궁전,프랑스,17세기,승인된 기준 형태,daily/day-209-stage-32-detail-01.svg,daily/day-209-stage-32-detail-01.png
210,32,2,6,바로크 궁전,프랑스,17세기,승인된 기준 형태; 넓은 기단·진입 계단,daily/day-210-stage-32-detail-02.svg,daily/day-210-stage-32-detail-02.png
211,32,3,6,바로크 궁전,프랑스,17세기,승인된 기준 형태; 넓은 기단·진입 계단; 지역 양식의 측면 별채·저층 확장,daily/day-211-stage-32-detail-03.svg,daily/day-211-stage-32-detail-03.png
212,32,4,6,바로크 궁전,프랑스,17세기,승인된 기준 형태; 넓은 기단·진입 계단; 지역 양식의 측면 별채·저층 확장; 지역 양식의 문루·입구동; 입면 창·아케이드·파사드 확장,daily/day-212-stage-32-detail-04.svg,daily/day-212-stage-32-detail-04.png
213,32,5,6,바로크 궁전,프랑스,17세기,승인된 기준 형태; 넓은 기단·진입 계단; 지역 양식의 측면 별채·저층 확장; 지역 양식의 문루·입구동; 입면 창·아케이드·파사드 확장; 마당 시설·정원 또는 저장 마당,daily/day-213-stage-32-detail-05.svg,daily/day-213-stage-32-detail-05.png
214,32,6,6,바로크 궁전,프랑스,17세기,승인된 기준 형태; 넓은 기단·진입 계단; 지역 양식의 측면 별채·저층 확장; 지역 양식의 문루·입구동; 입면 창·아케이드·파사드 확장; 마당 시설·정원 또는 저장 마당; 현관·차양·포치 완성,daily/day-214-stage-32-detail-06.svg,daily/day-214-stage-32-detail-06.png
215,33,1,7,네덜란드 운하집,네덜란드,17세기,승인된 기준 형태,daily/day-215-stage-33-detail-01.svg,daily/day-215-stage-33-detail-01.png
216,33,2,7,네덜란드 운하집,네덜란드,17세기,승인된 기준 형태; 넓은 기단·진입 계단,daily/day-216-stage-33-detail-02.svg,daily/day-216-stage-33-detail-02.png
217,33,3,7,네덜란드 운하집,네덜란드,17세기,승인된 기준 형태; 넓은 기단·진입 계단; 지역 양식의 측면 별채·저층 확장,daily/day-217-stage-33-detail-03.svg,daily/day-217-stage-33-detail-03.png
218,33,4,7,네덜란드 운하집,네덜란드,17세기,승인된 기준 형태; 넓은 기단·진입 계단; 지역 양식의 측면 별채·저층 확장; 지역 양식의 문루·입구동,daily/day-218-stage-33-detail-04.svg,daily/day-218-stage-33-detail-04.png
219,33,5,7,네덜란드 운하집,네덜란드,17세기,승인된 기준 형태; 넓은 기단·진입 계단; 지역 양식의 측면 별채·저층 확장; 지역 양식의 문루·입구동; 입면 창·아케이드·파사드 확장,daily/day-219-stage-33-detail-05.svg,daily/day-219-stage-33-detail-05.png
220,33,6,7,네덜란드 운하집,네덜란드,17세기,승인된 기준 형태; 넓은 기단·진입 계단; 지역 양식의 측면 별채·저층 확장; 지역 양식의 문루·입구동; 입면 창·아케이드·파사드 확장; 마당 시설·정원 또는 저장 마당,daily/day-220-stage-33-detail-06.svg,daily/day-220-stage-33-detail-06.png
221,33,7,7,네덜란드 운하집,네덜란드,17세기,승인된 기준 형태; 넓은 기단·진입 계단; 지역 양식의 측면 별채·저층 확장; 지역 양식의 문루·입구동; 입면 창·아케이드·파사드 확장; 마당 시설·정원 또는 저장 마당; 현관·차양·포치 완성,daily/day-221-stage-33-detail-07.svg,daily/day-221-stage-33-detail-07.png
222,34,1,7,로코코 저택,중부 유럽,18세기,승인된 기준 형태,daily/day-222-stage-34-detail-01.svg,daily/day-222-stage-34-detail-01.png
223,34,2,7,로코코 저택,중부 유럽,18세기,승인된 기준 형태; 넓은 기단·진입 계단,daily/day-223-stage-34-detail-02.svg,daily/day-223-stage-34-detail-02.png
224,34,3,7,로코코 저택,중부 유럽,18세기,승인된 기준 형태; 넓은 기단·진입 계단; 지역 양식의 측면 별채·저층 확장,daily/day-224-stage-34-detail-03.svg,daily/day-224-stage-34-detail-03.png
225,34,4,7,로코코 저택,중부 유럽,18세기,승인된 기준 형태; 넓은 기단·진입 계단; 지역 양식의 측면 별채·저층 확장; 지역 양식의 문루·입구동,daily/day-225-stage-34-detail-04.svg,daily/day-225-stage-34-detail-04.png
226,34,5,7,로코코 저택,중부 유럽,18세기,승인된 기준 형태; 넓은 기단·진입 계단; 지역 양식의 측면 별채·저층 확장; 지역 양식의 문루·입구동; 입면 창·아케이드·파사드 확장,daily/day-226-stage-34-detail-05.svg,daily/day-226-stage-34-detail-05.png
227,34,6,7,로코코 저택,중부 유럽,18세기,승인된 기준 형태; 넓은 기단·진입 계단; 지역 양식의 측면 별채·저층 확장; 지역 양식의 문루·입구동; 입면 창·아케이드·파사드 확장; 마당 시설·정원 또는 저장 마당,daily/day-227-stage-34-detail-06.svg,daily/day-227-stage-34-detail-06.png
228,34,7,7,로코코 저택,중부 유럽,18세기,승인된 기준 형태; 넓은 기단·진입 계단; 지역 양식의 측면 별채·저층 확장; 지역 양식의 문루·입구동; 입면 창·아케이드·파사드 확장; 마당 시설·정원 또는 저장 마당; 현관·차양·포치 완성,daily/day-228-stage-34-detail-07.svg,daily/day-228-stage-34-detail-07.png
229,35,1,6,신고전주의 저택,유럽,18–19세기,승인된 기준 형태,daily/day-229-stage-35-detail-01.svg,daily/day-229-stage-35-detail-01.png
230,35,2,6,신고전주의 저택,유럽,18–19세기,승인된 기준 형태; 넓은 기단·진입 계단,daily/day-230-stage-35-detail-02.svg,daily/day-230-stage-35-detail-02.png
231,35,3,6,신고전주의 저택,유럽,18–19세기,승인된 기준 형태; 넓은 기단·진입 계단; 지역 양식의 측면 별채·저층 확장,daily/day-231-stage-35-detail-03.svg,daily/day-231-stage-35-detail-03.png
232,35,4,6,신고전주의 저택,유럽,18–19세기,승인된 기준 형태; 넓은 기단·진입 계단; 지역 양식의 측면 별채·저층 확장; 지역 양식의 문루·입구동; 입면 창·아케이드·파사드 확장,daily/day-232-stage-35-detail-04.svg,daily/day-232-stage-35-detail-04.png
233,35,5,6,신고전주의 저택,유럽,18–19세기,승인된 기준 형태; 넓은 기단·진입 계단; 지역 양식의 측면 별채·저층 확장; 지역 양식의 문루·입구동; 입면 창·아케이드·파사드 확장; 마당 시설·정원 또는 저장 마당,daily/day-233-stage-35-detail-05.svg,daily/day-233-stage-35-detail-05.png
234,35,6,6,신고전주의 저택,유럽,18–19세기,승인된 기준 형태; 넓은 기단·진입 계단; 지역 양식의 측면 별채·저층 확장; 지역 양식의 문루·입구동; 입면 창·아케이드·파사드 확장; 마당 시설·정원 또는 저장 마당; 현관·차양·포치 완성,daily/day-234-stage-35-detail-06.svg,daily/day-234-stage-35-detail-06.png
235,36,1,7,러시아 목조 주택,러시아,19세기 대표,승인된 기준 형태,daily/day-235-stage-36-detail-01.svg,daily/day-235-stage-36-detail-01.png
236,36,2,7,러시아 목조 주택,러시아,19세기 대표,승인된 기준 형태; 넓은 기단·진입 계단,daily/day-236-stage-36-detail-02.svg,daily/day-236-stage-36-detail-02.png
237,36,3,7,러시아 목조 주택,러시아,19세기 대표,승인된 기준 형태; 넓은 기단·진입 계단; 지역 양식의 측면 별채·저층 확장,daily/day-237-stage-36-detail-03.svg,daily/day-237-stage-36-detail-03.png
238,36,4,7,러시아 목조 주택,러시아,19세기 대표,승인된 기준 형태; 넓은 기단·진입 계단; 지역 양식의 측면 별채·저층 확장; 지역 양식의 문루·입구동,daily/day-238-stage-36-detail-04.svg,daily/day-238-stage-36-detail-04.png
239,36,5,7,러시아 목조 주택,러시아,19세기 대표,승인된 기준 형태; 넓은 기단·진입 계단; 지역 양식의 측면 별채·저층 확장; 지역 양식의 문루·입구동; 입면 창·아케이드·파사드 확장,daily/day-239-stage-36-detail-05.svg,daily/day-239-stage-36-detail-05.png
240,36,6,7,러시아 목조 주택,러시아,19세기 대표,승인된 기준 형태; 넓은 기단·진입 계단; 지역 양식의 측면 별채·저층 확장; 지역 양식의 문루·입구동; 입면 창·아케이드·파사드 확장; 마당 시설·정원 또는 저장 마당,daily/day-240-stage-36-detail-06.svg,daily/day-240-stage-36-detail-06.png
241,36,7,7,러시아 목조 주택,러시아,19세기 대표,승인된 기준 형태; 넓은 기단·진입 계단; 지역 양식의 측면 별채·저층 확장; 지역 양식의 문루·입구동; 입면 창·아케이드·파사드 확장; 마당 시설·정원 또는 저장 마당; 현관·차양·포치 완성,daily/day-241-stage-36-detail-07.svg,daily/day-241-stage-36-detail-07.png
242,37,1,7,빅토리아 주택,영국,19세기,승인된 기준 형태,daily/day-242-stage-37-detail-01.svg,daily/day-242-stage-37-detail-01.png
243,37,2,7,빅토리아 주택,영국,19세기,승인된 기준 형태; 넓은 기단·진입 계단,daily/day-243-stage-37-detail-02.svg,daily/day-243-stage-37-detail-02.png
244,37,3,7,빅토리아 주택,영국,19세기,승인된 기준 형태; 넓은 기단·진입 계단; 지역 양식의 측면 별채·저층 확장,daily/day-244-stage-37-detail-03.svg,daily/day-244-stage-37-detail-03.png
245,37,4,7,빅토리아 주택,영국,19세기,승인된 기준 형태; 넓은 기단·진입 계단; 지역 양식의 측면 별채·저층 확장; 지역 양식의 문루·입구동,daily/day-245-stage-37-detail-04.svg,daily/day-245-stage-37-detail-04.png
246,37,5,7,빅토리아 주택,영국,19세기,승인된 기준 형태; 넓은 기단·진입 계단; 지역 양식의 측면 별채·저층 확장; 지역 양식의 문루·입구동; 입면 창·아케이드·파사드 확장,daily/day-246-stage-37-detail-05.svg,daily/day-246-stage-37-detail-05.png
247,37,6,7,빅토리아 주택,영국,19세기,승인된 기준 형태; 넓은 기단·진입 계단; 지역 양식의 측면 별채·저층 확장; 지역 양식의 문루·입구동; 입면 창·아케이드·파사드 확장; 마당 시설·정원 또는 저장 마당,daily/day-247-stage-37-detail-06.svg,daily/day-247-stage-37-detail-06.png
248,37,7,7,빅토리아 주택,영국,19세기,승인된 기준 형태; 넓은 기단·진입 계단; 지역 양식의 측면 별채·저층 확장; 지역 양식의 문루·입구동; 입면 창·아케이드·파사드 확장; 마당 시설·정원 또는 저장 마당; 현관·차양·포치 완성,daily/day-248-stage-37-detail-07.svg,daily/day-248-stage-37-detail-07.png
249,38,1,7,시카고 철골 빌딩,미국,19세기 말,승인된 기준 형태,daily/day-249-stage-38-detail-01.svg,daily/day-249-stage-38-detail-01.png
250,38,2,7,시카고 철골 빌딩,미국,19세기 말,승인된 기준 형태; 넓은 기단·진입 계단,daily/day-250-stage-38-detail-02.svg,daily/day-250-stage-38-detail-02.png
251,38,3,7,시카고 철골 빌딩,미국,19세기 말,승인된 기준 형태; 넓은 기단·진입 계단; 지역 양식의 측면 별채·저층 확장,daily/day-251-stage-38-detail-03.svg,daily/day-251-stage-38-detail-03.png
252,38,4,7,시카고 철골 빌딩,미국,19세기 말,승인된 기준 형태; 넓은 기단·진입 계단; 지역 양식의 측면 별채·저층 확장; 지역 양식의 문루·입구동,daily/day-252-stage-38-detail-04.svg,daily/day-252-stage-38-detail-04.png
253,38,5,7,시카고 철골 빌딩,미국,19세기 말,승인된 기준 형태; 넓은 기단·진입 계단; 지역 양식의 측면 별채·저층 확장; 지역 양식의 문루·입구동; 입면 창·아케이드·파사드 확장,daily/day-253-stage-38-detail-05.svg,daily/day-253-stage-38-detail-05.png
254,38,6,7,시카고 철골 빌딩,미국,19세기 말,승인된 기준 형태; 넓은 기단·진입 계단; 지역 양식의 측면 별채·저층 확장; 지역 양식의 문루·입구동; 입면 창·아케이드·파사드 확장; 마당 시설·정원 또는 저장 마당,daily/day-254-stage-38-detail-06.svg,daily/day-254-stage-38-detail-06.png
255,38,7,7,시카고 철골 빌딩,미국,19세기 말,승인된 기준 형태; 넓은 기단·진입 계단; 지역 양식의 측면 별채·저층 확장; 지역 양식의 문루·입구동; 입면 창·아케이드·파사드 확장; 마당 시설·정원 또는 저장 마당; 현관·차양·포치 완성,daily/day-255-stage-38-detail-07.svg,daily/day-255-stage-38-detail-07.png
256,39,1,6,아르누보 빌라,벨기에,1900년 전후,승인된 기준 형태,daily/day-256-stage-39-detail-01.svg,daily/day-256-stage-39-detail-01.png
257,39,2,6,아르누보 빌라,벨기에,1900년 전후,승인된 기준 형태; 넓은 기단·진입 계단,daily/day-257-stage-39-detail-02.svg,daily/day-257-stage-39-detail-02.png
258,39,3,6,아르누보 빌라,벨기에,1900년 전후,승인된 기준 형태; 넓은 기단·진입 계단; 지역 양식의 측면 별채·저층 확장,daily/day-258-stage-39-detail-03.svg,daily/day-258-stage-39-detail-03.png
259,39,4,6,아르누보 빌라,벨기에,1900년 전후,승인된 기준 형태; 넓은 기단·진입 계단; 지역 양식의 측면 별채·저층 확장; 지역 양식의 문루·입구동; 입면 창·아케이드·파사드 확장,daily/day-259-stage-39-detail-04.svg,daily/day-259-stage-39-detail-04.png
260,39,5,6,아르누보 빌라,벨기에,1900년 전후,승인된 기준 형태; 넓은 기단·진입 계단; 지역 양식의 측면 별채·저층 확장; 지역 양식의 문루·입구동; 입면 창·아케이드·파사드 확장; 마당 시설·정원 또는 저장 마당,daily/day-260-stage-39-detail-05.svg,daily/day-260-stage-39-detail-05.png
261,39,6,6,아르누보 빌라,벨기에,1900년 전후,승인된 기준 형태; 넓은 기단·진입 계단; 지역 양식의 측면 별채·저층 확장; 지역 양식의 문루·입구동; 입면 창·아케이드·파사드 확장; 마당 시설·정원 또는 저장 마당; 현관·차양·포치 완성,daily/day-261-stage-39-detail-06.svg,daily/day-261-stage-39-detail-06.png
262,40,1,7,프레리 주택,미국,20세기 초,승인된 기준 형태,daily/day-262-stage-40-detail-01.svg,daily/day-262-stage-40-detail-01.png
263,40,2,7,프레리 주택,미국,20세기 초,승인된 기준 형태; 넓은 기단·진입 계단,daily/day-263-stage-40-detail-02.svg,daily/day-263-stage-40-detail-02.png
264,40,3,7,프레리 주택,미국,20세기 초,승인된 기준 형태; 넓은 기단·진입 계단; 지역 양식의 측면 별채·저층 확장,daily/day-264-stage-40-detail-03.svg,daily/day-264-stage-40-detail-03.png
265,40,4,7,프레리 주택,미국,20세기 초,승인된 기준 형태; 넓은 기단·진입 계단; 지역 양식의 측면 별채·저층 확장; 지역 양식의 문루·입구동,daily/day-265-stage-40-detail-04.svg,daily/day-265-stage-40-detail-04.png
266,40,5,7,프레리 주택,미국,20세기 초,승인된 기준 형태; 넓은 기단·진입 계단; 지역 양식의 측면 별채·저층 확장; 지역 양식의 문루·입구동; 입면 창·아케이드·파사드 확장,daily/day-266-stage-40-detail-05.svg,daily/day-266-stage-40-detail-05.png
267,40,6,7,프레리 주택,미국,20세기 초,승인된 기준 형태; 넓은 기단·진입 계단; 지역 양식의 측면 별채·저층 확장; 지역 양식의 문루·입구동; 입면 창·아케이드·파사드 확장; 마당 시설·정원 또는 저장 마당,daily/day-267-stage-40-detail-06.svg,daily/day-267-stage-40-detail-06.png
268,40,7,7,프레리 주택,미국,20세기 초,승인된 기준 형태; 넓은 기단·진입 계단; 지역 양식의 측면 별채·저층 확장; 지역 양식의 문루·입구동; 입면 창·아케이드·파사드 확장; 마당 시설·정원 또는 저장 마당; 현관·차양·포치 완성,daily/day-268-stage-40-detail-07.svg,daily/day-268-stage-40-detail-07.png
269,41,1,7,바우하우스,독일,1926 대표,승인된 기준 형태,daily/day-269-stage-41-detail-01.svg,daily/day-269-stage-41-detail-01.png
270,41,2,7,바우하우스,독일,1926 대표,승인된 기준 형태; 넓은 기단·진입 계단,daily/day-270-stage-41-detail-02.svg,daily/day-270-stage-41-detail-02.png
271,41,3,7,바우하우스,독일,1926 대표,승인된 기준 형태; 넓은 기단·진입 계단; 지역 양식의 측면 별채·저층 확장,daily/day-271-stage-41-detail-03.svg,daily/day-271-stage-41-detail-03.png
272,41,4,7,바우하우스,독일,1926 대표,승인된 기준 형태; 넓은 기단·진입 계단; 지역 양식의 측면 별채·저층 확장; 지역 양식의 문루·입구동,daily/day-272-stage-41-detail-04.svg,daily/day-272-stage-41-detail-04.png
273,41,5,7,바우하우스,독일,1926 대표,승인된 기준 형태; 넓은 기단·진입 계단; 지역 양식의 측면 별채·저층 확장; 지역 양식의 문루·입구동; 입면 창·아케이드·파사드 확장,daily/day-273-stage-41-detail-05.svg,daily/day-273-stage-41-detail-05.png
274,41,6,7,바우하우스,독일,1926 대표,승인된 기준 형태; 넓은 기단·진입 계단; 지역 양식의 측면 별채·저층 확장; 지역 양식의 문루·입구동; 입면 창·아케이드·파사드 확장; 마당 시설·정원 또는 저장 마당,daily/day-274-stage-41-detail-06.svg,daily/day-274-stage-41-detail-06.png
275,41,7,7,바우하우스,독일,1926 대표,승인된 기준 형태; 넓은 기단·진입 계단; 지역 양식의 측면 별채·저층 확장; 지역 양식의 문루·입구동; 입면 창·아케이드·파사드 확장; 마당 시설·정원 또는 저장 마당; 현관·차양·포치 완성,daily/day-275-stage-41-detail-07.svg,daily/day-275-stage-41-detail-07.png
276,42,1,6,아르데코 빌딩,미국,1930년대,승인된 기준 형태,daily/day-276-stage-42-detail-01.svg,daily/day-276-stage-42-detail-01.png
277,42,2,6,아르데코 빌딩,미국,1930년대,승인된 기준 형태; 넓은 기단·진입 계단,daily/day-277-stage-42-detail-02.svg,daily/day-277-stage-42-detail-02.png
278,42,3,6,아르데코 빌딩,미국,1930년대,승인된 기준 형태; 넓은 기단·진입 계단; 지역 양식의 측면 별채·저층 확장,daily/day-278-stage-42-detail-03.svg,daily/day-278-stage-42-detail-03.png
279,42,4,6,아르데코 빌딩,미국,1930년대,승인된 기준 형태; 넓은 기단·진입 계단; 지역 양식의 측면 별채·저층 확장; 지역 양식의 문루·입구동; 입면 창·아케이드·파사드 확장,daily/day-279-stage-42-detail-04.svg,daily/day-279-stage-42-detail-04.png
280,42,5,6,아르데코 빌딩,미국,1930년대,승인된 기준 형태; 넓은 기단·진입 계단; 지역 양식의 측면 별채·저층 확장; 지역 양식의 문루·입구동; 입면 창·아케이드·파사드 확장; 마당 시설·정원 또는 저장 마당,daily/day-280-stage-42-detail-05.svg,daily/day-280-stage-42-detail-05.png
281,42,6,6,아르데코 빌딩,미국,1930년대,승인된 기준 형태; 넓은 기단·진입 계단; 지역 양식의 측면 별채·저층 확장; 지역 양식의 문루·입구동; 입면 창·아케이드·파사드 확장; 마당 시설·정원 또는 저장 마당; 현관·차양·포치 완성,daily/day-281-stage-42-detail-06.svg,daily/day-281-stage-42-detail-06.png
282,43,1,7,국제주의 유리 건물,미국,1950년대,승인된 기준 형태,daily/day-282-stage-43-detail-01.svg,daily/day-282-stage-43-detail-01.png
283,43,2,7,국제주의 유리 건물,미국,1950년대,승인된 기준 형태; 넓은 기단·진입 계단,daily/day-283-stage-43-detail-02.svg,daily/day-283-stage-43-detail-02.png
284,43,3,7,국제주의 유리 건물,미국,1950년대,승인된 기준 형태; 넓은 기단·진입 계단; 지역 양식의 측면 별채·저층 확장,daily/day-284-stage-43-detail-03.svg,daily/day-284-stage-43-detail-03.png
285,43,4,7,국제주의 유리 건물,미국,1950년대,승인된 기준 형태; 넓은 기단·진입 계단; 지역 양식의 측면 별채·저층 확장; 지역 양식의 문루·입구동,daily/day-285-stage-43-detail-04.svg,daily/day-285-stage-43-detail-04.png
286,43,5,7,국제주의 유리 건물,미국,1950년대,승인된 기준 형태; 넓은 기단·진입 계단; 지역 양식의 측면 별채·저층 확장; 지역 양식의 문루·입구동; 입면 창·아케이드·파사드 확장,daily/day-286-stage-43-detail-05.svg,daily/day-286-stage-43-detail-05.png
287,43,6,7,국제주의 유리 건물,미국,1950년대,승인된 기준 형태; 넓은 기단·진입 계단; 지역 양식의 측면 별채·저층 확장; 지역 양식의 문루·입구동; 입면 창·아케이드·파사드 확장; 마당 시설·정원 또는 저장 마당,daily/day-287-stage-43-detail-06.svg,daily/day-287-stage-43-detail-06.png
288,43,7,7,국제주의 유리 건물,미국,1950년대,승인된 기준 형태; 넓은 기단·진입 계단; 지역 양식의 측면 별채·저층 확장; 지역 양식의 문루·입구동; 입면 창·아케이드·파사드 확장; 마당 시설·정원 또는 저장 마당; 현관·차양·포치 완성,daily/day-288-stage-43-detail-07.svg,daily/day-288-stage-43-detail-07.png
289,44,1,7,브루탈리즘,영국,1960년대,승인된 기준 형태,daily/day-289-stage-44-detail-01.svg,daily/day-289-stage-44-detail-01.png
290,44,2,7,브루탈리즘,영국,1960년대,승인된 기준 형태; 넓은 기단·진입 계단,daily/day-290-stage-44-detail-02.svg,daily/day-290-stage-44-detail-02.png
291,44,3,7,브루탈리즘,영국,1960년대,승인된 기준 형태; 넓은 기단·진입 계단; 지역 양식의 측면 별채·저층 확장,daily/day-291-stage-44-detail-03.svg,daily/day-291-stage-44-detail-03.png
292,44,4,7,브루탈리즘,영국,1960년대,승인된 기준 형태; 넓은 기단·진입 계단; 지역 양식의 측면 별채·저층 확장; 지역 양식의 문루·입구동,daily/day-292-stage-44-detail-04.svg,daily/day-292-stage-44-detail-04.png
293,44,5,7,브루탈리즘,영국,1960년대,승인된 기준 형태; 넓은 기단·진입 계단; 지역 양식의 측면 별채·저층 확장; 지역 양식의 문루·입구동; 입면 창·아케이드·파사드 확장,daily/day-293-stage-44-detail-05.svg,daily/day-293-stage-44-detail-05.png
294,44,6,7,브루탈리즘,영국,1960년대,승인된 기준 형태; 넓은 기단·진입 계단; 지역 양식의 측면 별채·저층 확장; 지역 양식의 문루·입구동; 입면 창·아케이드·파사드 확장; 마당 시설·정원 또는 저장 마당,daily/day-294-stage-44-detail-06.svg,daily/day-294-stage-44-detail-06.png
295,44,7,7,브루탈리즘,영국,1960년대,승인된 기준 형태; 넓은 기단·진입 계단; 지역 양식의 측면 별채·저층 확장; 지역 양식의 문루·입구동; 입면 창·아케이드·파사드 확장; 마당 시설·정원 또는 저장 마당; 현관·차양·포치 완성,daily/day-295-stage-44-detail-07.svg,daily/day-295-stage-44-detail-07.png
296,45,1,7,메타볼리즘 캡슐,일본,1972 대표,승인된 기준 형태,daily/day-296-stage-45-detail-01.svg,daily/day-296-stage-45-detail-01.png
297,45,2,7,메타볼리즘 캡슐,일본,1972 대표,승인된 기준 형태; 넓은 기단·진입 계단,daily/day-297-stage-45-detail-02.svg,daily/day-297-stage-45-detail-02.png
298,45,3,7,메타볼리즘 캡슐,일본,1972 대표,승인된 기준 형태; 넓은 기단·진입 계단; 지역 양식의 측면 별채·저층 확장,daily/day-298-stage-45-detail-03.svg,daily/day-298-stage-45-detail-03.png
299,45,4,7,메타볼리즘 캡슐,일본,1972 대표,승인된 기준 형태; 넓은 기단·진입 계단; 지역 양식의 측면 별채·저층 확장; 지역 양식의 문루·입구동,daily/day-299-stage-45-detail-04.svg,daily/day-299-stage-45-detail-04.png
300,45,5,7,메타볼리즘 캡슐,일본,1972 대표,승인된 기준 형태; 넓은 기단·진입 계단; 지역 양식의 측면 별채·저층 확장; 지역 양식의 문루·입구동; 입면 창·아케이드·파사드 확장,daily/day-300-stage-45-detail-05.svg,daily/day-300-stage-45-detail-05.png
301,45,6,7,메타볼리즘 캡슐,일본,1972 대표,승인된 기준 형태; 넓은 기단·진입 계단; 지역 양식의 측면 별채·저층 확장; 지역 양식의 문루·입구동; 입면 창·아케이드·파사드 확장; 마당 시설·정원 또는 저장 마당,daily/day-301-stage-45-detail-06.svg,daily/day-301-stage-45-detail-06.png
302,45,7,7,메타볼리즘 캡슐,일본,1972 대표,승인된 기준 형태; 넓은 기단·진입 계단; 지역 양식의 측면 별채·저층 확장; 지역 양식의 문루·입구동; 입면 창·아케이드·파사드 확장; 마당 시설·정원 또는 저장 마당; 현관·차양·포치 완성,daily/day-302-stage-45-detail-07.svg,daily/day-302-stage-45-detail-07.png
303,46,1,6,시드니 오페라하우스,호주,1973,승인된 기준 형태,daily/day-303-stage-46-detail-01.svg,daily/day-303-stage-46-detail-01.png
304,46,2,6,시드니 오페라하우스,호주,1973,승인된 기준 형태; 넓은 기단·진입 계단,daily/day-304-stage-46-detail-02.svg,daily/day-304-stage-46-detail-02.png
305,46,3,6,시드니 오페라하우스,호주,1973,승인된 기준 형태; 넓은 기단·진입 계단; 지역 양식의 측면 별채·저층 확장,daily/day-305-stage-46-detail-03.svg,daily/day-305-stage-46-detail-03.png
306,46,4,6,시드니 오페라하우스,호주,1973,승인된 기준 형태; 넓은 기단·진입 계단; 지역 양식의 측면 별채·저층 확장; 지역 양식의 문루·입구동; 입면 창·아케이드·파사드 확장,daily/day-306-stage-46-detail-04.svg,daily/day-306-stage-46-detail-04.png
307,46,5,6,시드니 오페라하우스,호주,1973,승인된 기준 형태; 넓은 기단·진입 계단; 지역 양식의 측면 별채·저층 확장; 지역 양식의 문루·입구동; 입면 창·아케이드·파사드 확장; 마당 시설·정원 또는 저장 마당,daily/day-307-stage-46-detail-05.svg,daily/day-307-stage-46-detail-05.png
308,46,6,6,시드니 오페라하우스,호주,1973,승인된 기준 형태; 넓은 기단·진입 계단; 지역 양식의 측면 별채·저층 확장; 지역 양식의 문루·입구동; 입면 창·아케이드·파사드 확장; 마당 시설·정원 또는 저장 마당; 현관·차양·포치 완성,daily/day-308-stage-46-detail-06.svg,daily/day-308-stage-46-detail-06.png
309,47,1,7,포스트모던 빌딩,미국,1980년대,승인된 기준 형태,daily/day-309-stage-47-detail-01.svg,daily/day-309-stage-47-detail-01.png
310,47,2,7,포스트모던 빌딩,미국,1980년대,승인된 기준 형태; 넓은 기단·진입 계단,daily/day-310-stage-47-detail-02.svg,daily/day-310-stage-47-detail-02.png
311,47,3,7,포스트모던 빌딩,미국,1980년대,승인된 기준 형태; 넓은 기단·진입 계단; 지역 양식의 측면 별채·저층 확장,daily/day-311-stage-47-detail-03.svg,daily/day-311-stage-47-detail-03.png
312,47,4,7,포스트모던 빌딩,미국,1980년대,승인된 기준 형태; 넓은 기단·진입 계단; 지역 양식의 측면 별채·저층 확장; 지역 양식의 문루·입구동,daily/day-312-stage-47-detail-04.svg,daily/day-312-stage-47-detail-04.png
313,47,5,7,포스트모던 빌딩,미국,1980년대,승인된 기준 형태; 넓은 기단·진입 계단; 지역 양식의 측면 별채·저층 확장; 지역 양식의 문루·입구동; 입면 창·아케이드·파사드 확장,daily/day-313-stage-47-detail-05.svg,daily/day-313-stage-47-detail-05.png
314,47,6,7,포스트모던 빌딩,미국,1980년대,승인된 기준 형태; 넓은 기단·진입 계단; 지역 양식의 측면 별채·저층 확장; 지역 양식의 문루·입구동; 입면 창·아케이드·파사드 확장; 마당 시설·정원 또는 저장 마당,daily/day-314-stage-47-detail-06.svg,daily/day-314-stage-47-detail-06.png
315,47,7,7,포스트모던 빌딩,미국,1980년대,승인된 기준 형태; 넓은 기단·진입 계단; 지역 양식의 측면 별채·저층 확장; 지역 양식의 문루·입구동; 입면 창·아케이드·파사드 확장; 마당 시설·정원 또는 저장 마당; 현관·차양·포치 완성,daily/day-315-stage-47-detail-07.svg,daily/day-315-stage-47-detail-07.png
316,48,1,7,하이테크 빌딩,영국,1980년대,승인된 기준 형태,daily/day-316-stage-48-detail-01.svg,daily/day-316-stage-48-detail-01.png
317,48,2,7,하이테크 빌딩,영국,1980년대,승인된 기준 형태; 넓은 기단·진입 계단,daily/day-317-stage-48-detail-02.svg,daily/day-317-stage-48-detail-02.png
318,48,3,7,하이테크 빌딩,영국,1980년대,승인된 기준 형태; 넓은 기단·진입 계단; 지역 양식의 측면 별채·저층 확장,daily/day-318-stage-48-detail-03.svg,daily/day-318-stage-48-detail-03.png
319,48,4,7,하이테크 빌딩,영국,1980년대,승인된 기준 형태; 넓은 기단·진입 계단; 지역 양식의 측면 별채·저층 확장; 지역 양식의 문루·입구동,daily/day-319-stage-48-detail-04.svg,daily/day-319-stage-48-detail-04.png
320,48,5,7,하이테크 빌딩,영국,1980년대,승인된 기준 형태; 넓은 기단·진입 계단; 지역 양식의 측면 별채·저층 확장; 지역 양식의 문루·입구동; 입면 창·아케이드·파사드 확장,daily/day-320-stage-48-detail-05.svg,daily/day-320-stage-48-detail-05.png
321,48,6,7,하이테크 빌딩,영국,1980년대,승인된 기준 형태; 넓은 기단·진입 계단; 지역 양식의 측면 별채·저층 확장; 지역 양식의 문루·입구동; 입면 창·아케이드·파사드 확장; 마당 시설·정원 또는 저장 마당,daily/day-321-stage-48-detail-06.svg,daily/day-321-stage-48-detail-06.png
322,48,7,7,하이테크 빌딩,영국,1980년대,승인된 기준 형태; 넓은 기단·진입 계단; 지역 양식의 측면 별채·저층 확장; 지역 양식의 문루·입구동; 입면 창·아케이드·파사드 확장; 마당 시설·정원 또는 저장 마당; 현관·차양·포치 완성,daily/day-322-stage-48-detail-07.svg,daily/day-322-stage-48-detail-07.png
323,49,1,6,빌바오 곡면 건축,스페인,1997,승인된 기준 형태,daily/day-323-stage-49-detail-01.svg,daily/day-323-stage-49-detail-01.png
324,49,2,6,빌바오 곡면 건축,스페인,1997,승인된 기준 형태; 넓은 기단·진입 계단,daily/day-324-stage-49-detail-02.svg,daily/day-324-stage-49-detail-02.png
325,49,3,6,빌바오 곡면 건축,스페인,1997,승인된 기준 형태; 넓은 기단·진입 계단; 지역 양식의 측면 별채·저층 확장,daily/day-325-stage-49-detail-03.svg,daily/day-325-stage-49-detail-03.png
326,49,4,6,빌바오 곡면 건축,스페인,1997,승인된 기준 형태; 넓은 기단·진입 계단; 지역 양식의 측면 별채·저층 확장; 지역 양식의 문루·입구동; 입면 창·아케이드·파사드 확장,daily/day-326-stage-49-detail-04.svg,daily/day-326-stage-49-detail-04.png
327,49,5,6,빌바오 곡면 건축,스페인,1997,승인된 기준 형태; 넓은 기단·진입 계단; 지역 양식의 측면 별채·저층 확장; 지역 양식의 문루·입구동; 입면 창·아케이드·파사드 확장; 마당 시설·정원 또는 저장 마당,daily/day-327-stage-49-detail-05.svg,daily/day-327-stage-49-detail-05.png
328,49,6,6,빌바오 곡면 건축,스페인,1997,승인된 기준 형태; 넓은 기단·진입 계단; 지역 양식의 측면 별채·저층 확장; 지역 양식의 문루·입구동; 입면 창·아케이드·파사드 확장; 마당 시설·정원 또는 저장 마당; 현관·차양·포치 완성,daily/day-328-stage-49-detail-06.svg,daily/day-328-stage-49-detail-06.png
329,50,1,7,타이베이101,대만,2004,승인된 기준 형태,daily/day-329-stage-50-detail-01.svg,daily/day-329-stage-50-detail-01.png
330,50,2,7,타이베이101,대만,2004,승인된 기준 형태; 넓은 기단·진입 계단,daily/day-330-stage-50-detail-02.svg,daily/day-330-stage-50-detail-02.png
331,50,3,7,타이베이101,대만,2004,승인된 기준 형태; 넓은 기단·진입 계단; 지역 양식의 측면 별채·저층 확장,daily/day-331-stage-50-detail-03.svg,daily/day-331-stage-50-detail-03.png
332,50,4,7,타이베이101,대만,2004,승인된 기준 형태; 넓은 기단·진입 계단; 지역 양식의 측면 별채·저층 확장; 지역 양식의 문루·입구동,daily/day-332-stage-50-detail-04.svg,daily/day-332-stage-50-detail-04.png
333,50,5,7,타이베이101,대만,2004,승인된 기준 형태; 넓은 기단·진입 계단; 지역 양식의 측면 별채·저층 확장; 지역 양식의 문루·입구동; 입면 창·아케이드·파사드 확장,daily/day-333-stage-50-detail-05.svg,daily/day-333-stage-50-detail-05.png
334,50,6,7,타이베이101,대만,2004,승인된 기준 형태; 넓은 기단·진입 계단; 지역 양식의 측면 별채·저층 확장; 지역 양식의 문루·입구동; 입면 창·아케이드·파사드 확장; 마당 시설·정원 또는 저장 마당,daily/day-334-stage-50-detail-06.svg,daily/day-334-stage-50-detail-06.png
335,50,7,7,타이베이101,대만,2004,승인된 기준 형태; 넓은 기단·진입 계단; 지역 양식의 측면 별채·저층 확장; 지역 양식의 문루·입구동; 입면 창·아케이드·파사드 확장; 마당 시설·정원 또는 저장 마당; 현관·차양·포치 완성,daily/day-335-stage-50-detail-07.svg,daily/day-335-stage-50-detail-07.png
336,51,1,7,부르즈 칼리파,아랍에미리트,2010,승인된 기준 형태,daily/day-336-stage-51-detail-01.svg,daily/day-336-stage-51-detail-01.png
337,51,2,7,부르즈 칼리파,아랍에미리트,2010,승인된 기준 형태; 넓은 기단·진입 계단,daily/day-337-stage-51-detail-02.svg,daily/day-337-stage-51-detail-02.png
338,51,3,7,부르즈 칼리파,아랍에미리트,2010,승인된 기준 형태; 넓은 기단·진입 계단; 지역 양식의 측면 별채·저층 확장,daily/day-338-stage-51-detail-03.svg,daily/day-338-stage-51-detail-03.png
339,51,4,7,부르즈 칼리파,아랍에미리트,2010,승인된 기준 형태; 넓은 기단·진입 계단; 지역 양식의 측면 별채·저층 확장; 지역 양식의 문루·입구동,daily/day-339-stage-51-detail-04.svg,daily/day-339-stage-51-detail-04.png
340,51,5,7,부르즈 칼리파,아랍에미리트,2010,승인된 기준 형태; 넓은 기단·진입 계단; 지역 양식의 측면 별채·저층 확장; 지역 양식의 문루·입구동; 입면 창·아케이드·파사드 확장,daily/day-340-stage-51-detail-05.svg,daily/day-340-stage-51-detail-05.png
341,51,6,7,부르즈 칼리파,아랍에미리트,2010,승인된 기준 형태; 넓은 기단·진입 계단; 지역 양식의 측면 별채·저층 확장; 지역 양식의 문루·입구동; 입면 창·아케이드·파사드 확장; 마당 시설·정원 또는 저장 마당,daily/day-341-stage-51-detail-06.svg,daily/day-341-stage-51-detail-06.png
342,51,7,7,부르즈 칼리파,아랍에미리트,2010,승인된 기준 형태; 넓은 기단·진입 계단; 지역 양식의 측면 별채·저층 확장; 지역 양식의 문루·입구동; 입면 창·아케이드·파사드 확장; 마당 시설·정원 또는 저장 마당; 현관·차양·포치 완성,daily/day-342-stage-51-detail-07.svg,daily/day-342-stage-51-detail-07.png
343,52,1,7,상하이타워,중국,2015,승인된 기준 형태,daily/day-343-stage-52-detail-01.svg,daily/day-343-stage-52-detail-01.png
344,52,2,7,상하이타워,중국,2015,승인된 기준 형태; 넓은 기단·진입 계단,daily/day-344-stage-52-detail-02.svg,daily/day-344-stage-52-detail-02.png
345,52,3,7,상하이타워,중국,2015,승인된 기준 형태; 넓은 기단·진입 계단; 지역 양식의 측면 별채·저층 확장,daily/day-345-stage-52-detail-03.svg,daily/day-345-stage-52-detail-03.png
346,52,4,7,상하이타워,중국,2015,승인된 기준 형태; 넓은 기단·진입 계단; 지역 양식의 측면 별채·저층 확장; 지역 양식의 문루·입구동,daily/day-346-stage-52-detail-04.svg,daily/day-346-stage-52-detail-04.png
347,52,5,7,상하이타워,중국,2015,승인된 기준 형태; 넓은 기단·진입 계단; 지역 양식의 측면 별채·저층 확장; 지역 양식의 문루·입구동; 입면 창·아케이드·파사드 확장,daily/day-347-stage-52-detail-05.svg,daily/day-347-stage-52-detail-05.png
348,52,6,7,상하이타워,중국,2015,승인된 기준 형태; 넓은 기단·진입 계단; 지역 양식의 측면 별채·저층 확장; 지역 양식의 문루·입구동; 입면 창·아케이드·파사드 확장; 마당 시설·정원 또는 저장 마당,daily/day-348-stage-52-detail-06.svg,daily/day-348-stage-52-detail-06.png
349,52,7,7,상하이타워,중국,2015,승인된 기준 형태; 넓은 기단·진입 계단; 지역 양식의 측면 별채·저층 확장; 지역 양식의 문루·입구동; 입면 창·아케이드·파사드 확장; 마당 시설·정원 또는 저장 마당; 현관·차양·포치 완성,daily/day-349-stage-52-detail-07.svg,daily/day-349-stage-52-detail-07.png
350,53,1,7,롯데월드타워,한국,2017,승인된 기준 형태,daily/day-350-stage-53-detail-01.svg,daily/day-350-stage-53-detail-01.png
351,53,2,7,롯데월드타워,한국,2017,승인된 기준 형태; 넓은 기단·진입 계단,daily/day-351-stage-53-detail-02.svg,daily/day-351-stage-53-detail-02.png
352,53,3,7,롯데월드타워,한국,2017,승인된 기준 형태; 넓은 기단·진입 계단; 지역 양식의 측면 별채·저층 확장,daily/day-352-stage-53-detail-03.svg,daily/day-352-stage-53-detail-03.png
353,53,4,7,롯데월드타워,한국,2017,승인된 기준 형태; 넓은 기단·진입 계단; 지역 양식의 측면 별채·저층 확장; 지역 양식의 문루·입구동,daily/day-353-stage-53-detail-04.svg,daily/day-353-stage-53-detail-04.png
354,53,5,7,롯데월드타워,한국,2017,승인된 기준 형태; 넓은 기단·진입 계단; 지역 양식의 측면 별채·저층 확장; 지역 양식의 문루·입구동; 입면 창·아케이드·파사드 확장,daily/day-354-stage-53-detail-05.svg,daily/day-354-stage-53-detail-05.png
355,53,6,7,롯데월드타워,한국,2017,승인된 기준 형태; 넓은 기단·진입 계단; 지역 양식의 측면 별채·저층 확장; 지역 양식의 문루·입구동; 입면 창·아케이드·파사드 확장; 마당 시설·정원 또는 저장 마당,daily/day-355-stage-53-detail-06.svg,daily/day-355-stage-53-detail-06.png
356,53,7,7,롯데월드타워,한국,2017,승인된 기준 형태; 넓은 기단·진입 계단; 지역 양식의 측면 별채·저층 확장; 지역 양식의 문루·입구동; 입면 창·아케이드·파사드 확장; 마당 시설·정원 또는 저장 마당; 현관·차양·포치 완성,daily/day-356-stage-53-detail-07.svg,daily/day-356-stage-53-detail-07.png
